2002298	母婴 & 玩具乐器 >> 乐器 >> 民族吹奏乐器
2002299	母婴 & 玩具乐器 >> 乐器 >> 民族弹拨乐器
2002300	母婴 & 玩具乐器 >> 乐器 >> 民族拉弦乐器
2002301	母婴 & 玩具乐器 >> 乐器 >> 西洋打击乐器
2002302	母婴 & 玩具乐器 >> 乐器 >> 西洋管乐器
2002303	母婴 & 玩具乐器 >> 乐器 >> 键盘乐器
2002304	母婴 & 玩具乐器 >> 乐器 >> 乐器配件
2002295	母婴 & 玩具乐器 >> 音乐玩具 >> 儿童玩具电话
2002296	母婴 & 玩具乐器 >> 音乐玩具 >> 音乐盒
2002290	母婴 & 玩具乐器 >> 魔方解锁/迷宫 >> 智力解题/通关玩具
2002291	母婴 & 玩具乐器 >> 魔方解锁/迷宫 >> 迷宫类
2002292	母婴 & 玩具乐器 >> 魔方解锁/迷宫 >> 解锁/解环玩具
2002293	母婴 & 玩具乐器 >> 魔方解锁/迷宫 >> 魔方
2002285	母婴 & 玩具乐器 >> 戏水玩沙玩具 >> 充气/支架戏水池
2002286	母婴 & 玩具乐器 >> 戏水玩沙玩具 >> 水枪
2002287	母婴 & 玩具乐器 >> 戏水玩沙玩具 >> 玩沙玩具
2002288	母婴 & 玩具乐器 >> 戏水玩沙玩具 >> 洗澡沐浴玩具
2002279	母婴 & 玩具乐器 >> 健身架/爬行学步玩具 >> 拖拉学步玩具
2002280	母婴 & 玩具乐器 >> 健身架/爬行学步玩具 >> 婴儿健身架
2002281	母婴 & 玩具乐器 >> 健身架/爬行学步玩具 >> 爬行垫/毯
2002282	母婴 & 玩具乐器 >> 健身架/爬行学步玩具 >> 幼儿学爬玩具
2002283	母婴 & 玩具乐器 >> 健身架/爬行学步玩具 >> 手推玩具
2002265	母婴 & 玩具乐器 >> 户外玩具/游乐设施 >> 游戏屋
2002266	母婴 & 玩具乐器 >> 户外玩具/游乐设施 >> 海洋球/波波球
2002267	母婴 & 玩具乐器 >> 户外玩具/游乐设施 >> 儿童玩具球
2002268	母婴 & 玩具乐器 >> 户外玩具/游乐设施 >> 摇马
2002269	母婴 & 玩具乐器 >> 户外玩具/游乐设施 >> 游戏围栏
2002270	母婴 & 玩具乐器 >> 户外玩具/游乐设施 >> 儿童滑梯
2002271	母婴 & 玩具乐器 >> 户外玩具/游乐设施 >> 游艺机
2002272	母婴 & 玩具乐器 >> 户外玩具/游乐设施 >> 大型组合游乐设备
2002273	母婴 & 玩具乐器 >> 户外玩具/游乐设施 >> 儿童秋千
2002274	母婴 & 玩具乐器 >> 户外玩具/游乐设施 >> 隧道/钻洞
2002275	母婴 & 玩具乐器 >> 户外玩具/游乐设施 >> 吹泡泡机
2002276	母婴 & 玩具乐器 >> 户外玩具/游乐设施 >> 跳跳/跳跃玩具
2002277	母婴 & 玩具乐器 >> 户外玩具/游乐设施 >> 飞盘/竹蜻蜓玩具
2002262	母婴 & 玩具乐器 >> 儿童玩具枪 >> 软弹枪
2002263	母婴 & 玩具乐器 >> 儿童玩具枪 >> 电动声光玩具枪
2002257	母婴 & 玩具乐器 >> 油动/电动模型 >> 船模
2002258	母婴 & 玩具乐器 >> 油动/电动模型 >> 固定翼
2002259	母婴 & 玩具乐器 >> 油动/电动模型 >> 坦克
2002260	母婴 & 玩具乐器 >> 油动/电动模型 >> 直升机
2002253	母婴 & 玩具乐器 >> 仿真/过家家玩具 >> 儿童仿真动物玩具
2002254	母婴 & 玩具乐器 >> 仿真/过家家玩具 >> 仿真照相机
2002255	母婴 & 玩具乐器 >> 仿真/过家家玩具 >> 过家家玩具
2002247	母婴 & 玩具乐器 >> 发光/充气玩具 >> 发光玩具
2002248	母婴 & 玩具乐器 >> 发光/充气玩具 >> 塑料充气造型玩具
2002249	母婴 & 玩具乐器 >> 惯性/发条玩具 >> 惯性/滑行玩具
2002250	母婴 & 玩具乐器 >> 惯性/发条玩具 >> 回力玩具
2002251	母婴 & 玩具乐器 >> 惯性/发条玩具 >> 发条玩具
2002241	母婴 & 玩具乐器 >> 串珠/配对玩具 >> 儿童串珠/绕珠
2002242	母婴 & 玩具乐器 >> 串珠/配对玩具 >> 数字形状盒/多孔认知
2002243	母婴 & 玩具乐器 >> 串珠/配对玩具 >> 钓鱼玩具
2002244	母婴 & 玩具乐器 >> 串珠/配对玩具 >> 插珠/蘑菇插钉
2002237	母婴 & 玩具乐器 >> 拆装/敲打玩具 >> 螺母拆装玩具
2002238	母婴 & 玩具乐器 >> 拆装/敲打玩具 >> 几何形状套柱
2002239	母婴 & 玩具乐器 >> 拆装/敲打玩具 >> 敲打玩具
2002230	母婴 & 玩具乐器 >> 响铃/安抚玩具 >> 手偶/安抚玩偶
2002231	母婴 & 玩具乐器 >> 响铃/安抚玩具 >> 不倒翁玩具
2002232	母婴 & 玩具乐器 >> 响铃/安抚玩具 >> 拨浪鼓
2002233	母婴 & 玩具乐器 >> 响铃/安抚玩具 >> 宝宝布书
2002234	母婴 & 玩具乐器 >> 响铃/安抚玩具 >> 床铃/床挂
2002235	母婴 & 玩具乐器 >> 响铃/安抚玩具 >> 摇铃
2002221	母婴 & 玩具乐器 >> Steam教育玩具 >> 水动力玩具
2002222	母婴 & 玩具乐器 >> Steam教育玩具 >> 空气动力玩具
2002223	母婴 & 玩具乐器 >> Steam教育玩具 >> 太阳能玩具
2002224	母婴 & 玩具乐器 >> Steam教育玩具 >> 热胀冷缩/感温玩具
2002225	母婴 & 玩具乐器 >> Steam教育玩具 >> 风动船/风动转向玩具
2002226	母婴 & 玩具乐器 >> Steam教育玩具 >> 电路开关玩具
2002227	母婴 & 玩具乐器 >> Steam教育玩具 >> 力学玩具
2002228	母婴 & 玩具乐器 >> Steam教育玩具 >> 科学盒子/实验套装玩具
2002218	母婴 & 玩具乐器 >> 创意减压玩具 >> 减压玩具
2002219	母婴 & 玩具乐器 >> 创意减压玩具 >> 创意玩具
2002211	母婴 & 玩具乐器 >> 绘画/DIY >> 手工彩泥
2002212	母婴 & 玩具乐器 >> 绘画/DIY >> 绘画工具
2002213	母婴 & 玩具乐器 >> 绘画/DIY >> 儿童贴纸
2002214	母婴 & 玩具乐器 >> 绘画/DIY >> 儿童沙画/胶画刮画
2002215	母婴 & 玩具乐器 >> 绘画/DIY >> DIY玉米粒
2002216	母婴 & 玩具乐器 >> 绘画/DIY >> 白模填色/彩绘
2002205	母婴 & 玩具乐器 >> 积木拼插 >> 积木
2002206	母婴 & 玩具乐器 >> 积木拼插 >> 拼图
2002207	母婴 & 玩具乐器 >> 积木拼插 >> 磁力片/棒
2002208	母婴 & 玩具乐器 >> 积木拼插 >> 立体拼插
2002209	母婴 & 玩具乐器 >> 积木拼插 >> 多米诺骨牌
2002197	母婴 & 玩具乐器 >> 早教/智能玩具 >> 早教启智
2002198	母婴 & 玩具乐器 >> 早教/智能玩具 >> 儿童玩具表
2002199	母婴 & 玩具乐器 >> 早教/智能玩具 >> 早教磁性贴
2002200	母婴 & 玩具乐器 >> 早教/智能玩具 >> 早教盒子/套装
2002201	母婴 & 玩具乐器 >> 早教/智能玩具 >> 多功能玩具台/游戏桌
2002202	母婴 & 玩具乐器 >> 早教/智能玩具 >> 智能公仔/娃娃
2002203	母婴 & 玩具乐器 >> 早教/智能玩具 >> 儿童桌面玩具
2002188	母婴 & 玩具乐器 >> 潮玩/动漫 >> 电影周边
2002189	母婴 & 玩具乐器 >> 潮玩/动漫 >> 卡通周边
2002190	母婴 & 玩具乐器 >> 潮玩/动漫 >> 网游周边
2002191	母婴 & 玩具乐器 >> 潮玩/动漫 >> 潮流盲盒
2002192	母婴 & 玩具乐器 >> 潮玩/动漫 >> 高达/变形模型扭蛋
2002193	母婴 & 玩具乐器 >> 潮玩/动漫 >> 人偶/BJD/兵人
2002194	母婴 & 玩具乐器 >> 潮玩/动漫 >> 陀螺
2002195	母婴 & 玩具乐器 >> 潮玩/动漫 >> 悠悠球/溜溜球
2002179	母婴 & 玩具乐器 >> 静态模型玩具 >> 车模
2002180	母婴 & 玩具乐器 >> 静态模型玩具 >> 建筑/DIY小屋
2002181	母婴 & 玩具乐器 >> 静态模型玩具 >> 船舶/舰艇
2002182	母婴 & 玩具乐器 >> 静态模型玩具 >> 飞机模型/火车模型
2002183	母婴 & 玩具乐器 >> 静态模型玩具 >> 坦克/军事战车
2002184	母婴 & 玩具乐器 >> 静态模型玩具 >> 军舰/航母
2002185	母婴 & 玩具乐器 >> 静态模型玩具 >> 木偶/关节木偶玩具
2002186	母婴 & 玩具乐器 >> 静态模型玩具 >> 其他静态模型
2002175	母婴 & 玩具乐器 >> 娃娃玩具 >> 换装娃娃
2002176	母婴 & 玩具乐器 >> 娃娃玩具 >> 卡通娃娃
2002177	母婴 & 玩具乐器 >> 娃娃玩具 >> 娃娃玩具配件
2002170	母婴 & 玩具乐器 >> 毛绒布艺 >> 动物玩偶公仔
2002171	母婴 & 玩具乐器 >> 毛绒布艺 >> 靠垫/抱枕
2002172	母婴 & 玩具乐器 >> 毛绒布艺 >> 人物玩偶公仔
2002173	母婴 & 玩具乐器 >> 毛绒布艺 >> 其他毛绒布艺玩具
2002162	母婴 & 玩具乐器 >> 遥控/电动玩具 >> 遥控车
2002163	母婴 & 玩具乐器 >> 遥控/电动玩具 >> 遥控飞机
2002164	母婴 & 玩具乐器 >> 遥控/电动玩具 >> 遥控船
2002165	母婴 & 玩具乐器 >> 遥控/电动玩具 >> 机器人
2002166	母婴 & 玩具乐器 >> 遥控/电动玩具 >> 轨道/助力
2002167	母婴 & 玩具乐器 >> 遥控/电动玩具 >> 遥控动物
2002168	母婴 & 玩具乐器 >> 遥控/电动玩具 >> 遥控/电动玩具配件
2002149	母婴 & 玩具乐器 >> 童车童床 >> 安全座椅
2002150	母婴 & 玩具乐器 >> 童车童床 >> 婴儿推车
2002151	母婴 & 玩具乐器 >> 童车童床 >> 婴儿床
2002152	母婴 & 玩具乐器 >> 童车童床 >> 婴儿床垫
2002153	母婴 & 玩具乐器 >> 童车童床 >> 餐椅
2002154	母婴 & 玩具乐器 >> 童车童床 >> 摇椅
2002155	母婴 & 玩具乐器 >> 童车童床 >> 学步车
2002156	母婴 & 玩具乐器 >> 童车童床 >> 儿童三轮车
2002157	母婴 & 玩具乐器 >> 童车童床 >> 儿童自行车
2002158	母婴 & 玩具乐器 >> 童车童床 >> 扭扭车
2002159	母婴 & 玩具乐器 >> 童车童床 >> 儿童滑板车
2002160	母婴 & 玩具乐器 >> 童车童床 >> 儿童电动车
2002139	母婴 & 玩具乐器 >> 妈妈专区 >> 防辐射服
2002140	母婴 & 玩具乐器 >> 妈妈专区 >> 孕妈装
2002141	母婴 & 玩具乐器 >> 妈妈专区 >> 孕妇护肤
2002142	母婴 & 玩具乐器 >> 妈妈专区 >> 妈咪包/背婴带
2002143	母婴 & 玩具乐器 >> 妈妈专区 >> 待产护理
2002144	母婴 & 玩具乐器 >> 妈妈专区 >> 产后塑身
2002145	母婴 & 玩具乐器 >> 妈妈专区 >> 文胸/内裤
2002146	母婴 & 玩具乐器 >> 妈妈专区 >> 防溢乳垫
2002147	母婴 & 玩具乐器 >> 妈妈专区 >> 孕期营养
2002124	母婴 & 玩具乐器 >> 寝居服饰 >> 睡袋/抱被
2002125	母婴 & 玩具乐器 >> 寝居服饰 >> 婴儿枕
2002126	母婴 & 玩具乐器 >> 寝居服饰 >> 毛毯棉被
2002127	母婴 & 玩具乐器 >> 寝居服饰 >> 婴童床品
2002128	母婴 & 玩具乐器 >> 寝居服饰 >> 浴巾/浴衣
2002129	母婴 & 玩具乐器 >> 寝居服饰 >> 毛巾/口水巾
2002130	母婴 & 玩具乐器 >> 寝居服饰 >> 婴儿礼盒
2002131	母婴 & 玩具乐器 >> 寝居服饰 >> 婴儿内衣
2002132	母婴 & 玩具乐器 >> 寝居服饰 >> 婴儿外出服
2002133	母婴 & 玩具乐器 >> 寝居服饰 >> 隔尿垫巾
2002134	母婴 & 玩具乐器 >> 寝居服饰 >> 尿布
2002135	母婴 & 玩具乐器 >> 寝居服饰 >> 安全防护
2002136	母婴 & 玩具乐器 >> 寝居服饰 >> 爬行垫
2002137	母婴 & 玩具乐器 >> 寝居服饰 >> 婴儿鞋帽袜
2002117	母婴 & 玩具乐器 >> 洗护用品 >> 日常护理
2002118	母婴 & 玩具乐器 >> 洗护用品 >> 洗澡用具
2002119	母婴 & 玩具乐器 >> 洗护用品 >> 理发器
2002120	母婴 & 玩具乐器 >> 洗护用品 >> 婴儿口腔清洁
2002121	母婴 & 玩具乐器 >> 洗护用品 >> 座便器
2002122	母婴 & 玩具乐器 >> 洗护用品 >> 驱蚊防晒
2002107	母婴 & 玩具乐器 >> 喂养用品 >> 奶瓶奶嘴
2002108	母婴 & 玩具乐器 >> 喂养用品 >> 吸奶器
2002109	母婴 & 玩具乐器 >> 喂养用品 >> 暖奶消毒
2002110	母婴 & 玩具乐器 >> 喂养用品 >> 辅食料理机
2002111	母婴 & 玩具乐器 >> 喂养用品 >> 牙胶安抚
2002112	母婴 & 玩具乐器 >> 喂养用品 >> 食物存储
2002113	母婴 & 玩具乐器 >> 喂养用品 >> 儿童餐具
2002114	母婴 & 玩具乐器 >> 喂养用品 >> 水壶/水杯
2002115	母婴 & 玩具乐器 >> 喂养用品 >> 围兜/防溅衣
2002048	医药保健/计生情趣 >> 隐形眼镜和配件
2002038	医药保健/计生情趣 >> 计生情趣 >> 避孕套
2002039	医药保健/计生情趣 >> 计生情趣 >> 排卵验孕
2002040	医药保健/计生情趣 >> 计生情趣 >> 润滑液
2002041	医药保健/计生情趣 >> 计生情趣 >> 男用延时
2002042	医药保健/计生情趣 >> 计生情趣 >> 飞机杯
2002043	医药保健/计生情趣 >> 计生情趣 >> 倒模
2002044	医药保健/计生情趣 >> 计生情趣 >> 仿真娃娃
2002045	医药保健/计生情趣 >> 计生情趣 >> 震动棒
2002046	医药保健/计生情趣 >> 计生情趣 >> 仿真阳具
2002047	医药保健/计生情趣 >> 计生情趣 >> 情趣内衣
2002028	医药保健/计生情趣 >> 护理护具 >> 口罩
2002029	医药保健/计生情趣 >> 护理护具 >> 眼罩/耳塞
2002030	医药保健/计生情趣 >> 护理护具 >> 医用防疫用品
2002031	医药保健/计生情趣 >> 护理护具 >> 跌打损伤
2002032	医药保健/计生情趣 >> 护理护具 >> 创可贴
2002033	医药保健/计生情趣 >> 护理护具 >> 暖贴
2002034	医药保健/计生情趣 >> 护理护具 >> 鼻喉护理
2002035	医药保健/计生情趣 >> 护理护具 >> 眼部保健
2002036	医药保健/计生情趣 >> 护理护具 >> 美体护理
2002437	医药保健/计生情趣 >> 护理护具 >> 足部护理
2002009	医药保健/计生情趣 >> 保健器械 >> 血压计
2002010	医药保健/计生情趣 >> 保健器械 >> 血糖仪
2002011	医药保健/计生情趣 >> 保健器械 >> 心电仪
2002012	医药保健/计生情趣 >> 保健器械 >> 体温计
2002013	医药保健/计生情趣 >> 保健器械 >> 胎心仪
2002014	医药保健/计生情趣 >> 保健器械 >> 制氧机
2002015	医药保健/计生情趣 >> 保健器械 >> 呼吸机
2002016	医药保健/计生情趣 >> 保健器械 >> 雾化器
2002017	医药保健/计生情趣 >> 保健器械 >> 助听器
2002018	医药保健/计生情趣 >> 保健器械 >> 轮椅
2002019	医药保健/计生情趣 >> 保健器械 >> 拐杖
2002020	医药保健/计生情趣 >> 保健器械 >> 护理床
2002021	医药保健/计生情趣 >> 保健器械 >> 中医保健
2002022	医药保健/计生情趣 >> 保健器械 >> 养生器械
2002023	医药保健/计生情趣 >> 保健器械 >> 理疗仪
2002024	医药保健/计生情趣 >> 保健器械 >> 家庭护理
2002025	医药保健/计生情趣 >> 保健器械 >> 智能健康
2002026	医药保健/计生情趣 >> 保健器械 >> 出行常备
2001521	家用电器 >> 其它家用电器
2002097	家用电器 >> 家电配件 >> 电视配件
2002098	家用电器 >> 家电配件 >> 洗衣机配件
2002099	家用电器 >> 家电配件 >> 冰箱配件
2002100	家用电器 >> 家电配件 >> 生活电器配件
2002101	家用电器 >> 家电配件 >> 空调配件
2002102	家用电器 >> 家电配件 >> 个护健康配件
2002103	家用电器 >> 家电配件 >> 厨房小电配件
2002104	家用电器 >> 家电配件 >> 烟机灶具配件
2002077	家用电器 >> 生活电器 >> 电风扇
2002078	家用电器 >> 生活电器 >> 冷风扇
2002079	家用电器 >> 生活电器 >> 空气净化器
2002080	家用电器 >> 生活电器 >> 加湿器
2002081	家用电器 >> 生活电器 >> 净水器
2002082	家用电器 >> 生活电器 >> 饮水机
2002083	家用电器 >> 生活电器 >> 吸尘器
2002084	家用电器 >> 生活电器 >> 扫地机器人
2002085	家用电器 >> 生活电器 >> 茶吧机
2002086	家用电器 >> 生活电器 >> 蒸汽/电动拖把
2002087	家用电器 >> 生活电器 >> 除螨仪
2002088	家用电器 >> 生活电器 >> 洗地机
2002089	家用电器 >> 生活电器 >> 挂烫机/熨斗
2002090	家用电器 >> 生活电器 >> 干衣机
2002091	家用电器 >> 生活电器 >> 除湿机
2002092	家用电器 >> 生活电器 >> 电话机
2002093	家用电器 >> 生活电器 >> 擦地/擦窗机器人
2002094	家用电器 >> 生活电器 >> 取暖器
2002095	家用电器 >> 生活电器 >> 毛球修剪器
2002052	家用电器 >> 厨房小家电 >> 破壁机
2002053	家用电器 >> 厨房小家电 >> 咖啡机
2002054	家用电器 >> 厨房小家电 >> 榨汁机
2002055	家用电器 >> 厨房小家电 >> 电炖锅
2002056	家用电器 >> 厨房小家电 >> 果蔬净化清洗机
2002057	家用电器 >> 厨房小家电 >> 三明治机/早餐机
2002058	家用电器 >> 厨房小家电 >> 电烤箱
2002059	家用电器 >> 厨房小家电 >> 厨师机/和面机
2002060	家用电器 >> 厨房小家电 >> 料理机
2002061	家用电器 >> 厨房小家电 >> 电饼铛
2002062	家用电器 >> 厨房小家电 >> 电水壶/热水瓶
2002063	家用电器 >> 厨房小家电 >> 面包机
2002064	家用电器 >> 厨房小家电 >> 电火锅
2002065	家用电器 >> 厨房小家电 >> 空气炸锅
2002066	家用电器 >> 厨房小家电 >> 养生壶
2002067	家用电器 >> 厨房小家电 >> 电磁炉
2002068	家用电器 >> 厨房小家电 >> 电饭煲
2002069	家用电器 >> 厨房小家电 >> 电压力锅
2002070	家用电器 >> 厨房小家电 >> 微波炉
2002071	家用电器 >> 厨房小家电 >> 面条机
2002072	家用电器 >> 厨房小家电 >> 电陶炉
2002073	家用电器 >> 厨房小家电 >> 煮蛋器
2002074	家用电器 >> 厨房小家电 >> 电热饭盒
2002075	家用电器 >> 厨房小家电 >> 豆浆机
2001506	家用电器 >> 个护健康 >> 剃须刀
2001507	家用电器 >> 个护健康 >> 电动牙刷
2001508	家用电器 >> 个护健康 >> 电吹风
2001509	家用电器 >> 个护健康 >> 美容器
2001510	家用电器 >> 个护健康 >> 洁面仪
2001511	家用电器 >> 个护健康 >> 按摩器
2001512	家用电器 >> 个护健康 >> 健康秤
2001513	家用电器 >> 个护健康 >> 卷/直发器
2001514	家用电器 >> 个护健康 >> 剃/脱毛器
2001515	家用电器 >> 个护健康 >> 理发器
2001516	家用电器 >> 个护健康 >> 足浴盆
2001517	家用电器 >> 个护健康 >> 足疗机
2001519	家用电器 >> 个护健康 >> 洗手机
2002049	家用电器 >> 个护健康 >> 冲牙器
2002050	家用电器 >> 个护健康 >> 按摩椅
2001522	消费类电子产品 >> 其它消费类电子产品
2000396	消费类电子产品 >> 智能电子 >> 儿童智能手表
2000555	消费类电子产品 >> 智能电子 >> 家庭自动化模块
2000856	消费类电子产品 >> 智能电子 >> 其他智能配件
2000857	消费类电子产品 >> 智能电子 >> 其他智能手表配件
2001399	消费类电子产品 >> 智能电子 >> 智能手表
2001400	消费类电子产品 >> 智能电子 >> 智能手表表带
2001401	消费类电子产品 >> 智能电子 >> 智能手表表框
2001402	消费类电子产品 >> 智能电子 >> 智能手表贴膜
2001403	消费类电子产品 >> 智能电子 >> 智能手环手表充电配件
2001404	消费类电子产品 >> 智能电子 >> 智能腕带
2001405	消费类电子产品 >> 智能电子 >> 智能遥控器
2000084	消费类电子产品 >> 游戏配件 >> USB接收器适配器
2000227	消费类电子产品 >> 游戏配件 >> 充电器
2000328	消费类电子产品 >> 游戏配件 >> 电池
2000359	消费类电子产品 >> 游戏配件 >> 电子游戏方向盘
2000442	消费类电子产品 >> 游戏配件 >> 更换零件和配件
2000811	消费类电子产品 >> 游戏配件 >> 屏幕保护膜
2000851	消费类电子产品 >> 游戏配件 >> 其他游戏配件
2001073	消费类电子产品 >> 游戏配件 >> 贴纸
2001217	消费类电子产品 >> 游戏配件 >> 遥控器
2001287	消费类电子产品 >> 游戏配件 >> 游戏杆
2001288	消费类电子产品 >> 游戏配件 >> 游戏机
2001289	消费类电子产品 >> 游戏配件 >> 游戏机保护壳
2001290	消费类电子产品 >> 游戏配件 >> 游戏机充电线
2001291	消费类电子产品 >> 游戏配件 >> 游戏机收纳包
2001292	消费类电子产品 >> 游戏配件 >> 游戏记忆卡
2001294	消费类电子产品 >> 游戏配件 >> 游戏手柄
2001296	消费类电子产品 >> 游戏配件 >> 游戏外设
2001338	消费类电子产品 >> 游戏配件 >> 运动传感器
2001356	消费类电子产品 >> 游戏配件 >> 掌上游戏机
2000059	消费类电子产品 >> 摄影器材 >> 360°摄像机配件
2000092	消费类电子产品 >> 摄影器材 >> 安防wifi摄像头
2000093	消费类电子产品 >> 摄影器材 >> 安防网摄像头
2000123	消费类电子产品 >> 摄影器材 >> 背景布
2000307	消费类电子产品 >> 摄影器材 >> 灯架
2000332	消费类电子产品 >> 摄影器材 >> 电池手柄
2000351	消费类电子产品 >> 摄影器材 >> 电影
2000408	消费类电子产品 >> 摄影器材 >> 反光板
2000469	消费类电子产品 >> 摄影器材 >> 轨道系统
2000557	消费类电子产品 >> 摄影器材 >> 监控器
2000586	消费类电子产品 >> 摄影器材 >> 镜头
2000587	消费类电子产品 >> 摄影器材 >> 镜头盖
2000588	消费类电子产品 >> 摄影器材 >> 镜头转接器
2000632	消费类电子产品 >> 摄影器材 >> 快门释放
2000730	消费类电子产品 >> 摄影器材 >> 迷你摄像头
2000925	消费类电子产品 >> 摄影器材 >> 柔光箱
2000935	消费类电子产品 >> 摄影器材 >> 软伞
2000941	消费类电子产品 >> 摄影器材 >> 三脚架
2000954	消费类电子产品 >> 摄影器材 >> 闪光灯配件
2000958	消费类电子产品 >> 摄影器材 >> 摄录机镜头
2000961	消费类电子产品 >> 摄影器材 >> 摄影灯
2000962	消费类电子产品 >> 摄影器材 >> 摄影照明
2000984	消费类电子产品 >> 摄影器材 >> 手持云台
2001017	消费类电子产品 >> 摄影器材 >> 数码相框
2001142	消费类电子产品 >> 摄影器材 >> 无人机配件套件
2001167	消费类电子产品 >> 摄影器材 >> 相机充电器
2001168	消费类电子产品 >> 摄影器材 >> 相机充电线
2001169	消费类电子产品 >> 摄影器材 >> 相机袋
2001170	消费类电子产品 >> 摄影器材 >> 相机电池
2001171	消费类电子产品 >> 摄影器材 >> 相机肩带
2001172	消费类电子产品 >> 摄影器材 >> 相机镜头遮光罩
2001173	消费类电子产品 >> 摄影器材 >> 相机笼
2001174	消费类电子产品 >> 摄影器材 >> 相机滤镜
2001175	消费类电子产品 >> 摄影器材 >> 相机清洁
2001176	消费类电子产品 >> 摄影器材 >> 相机液晶屏
2001272	消费类电子产品 >> 摄影器材 >> 硬盘录像机
2001339	消费类电子产品 >> 摄影器材 >> 运动摄录机
2001340	消费类电子产品 >> 摄影器材 >> 运动摄像机配件
2001341	消费类电子产品 >> 摄影器材 >> 运动摄影机
2001553	消费类电子产品 >> 摄影器材 >> 其他相机配件
2002432	消费类电子产品 >> 摄影器材 >> 儿童相机
2002433	消费类电子产品 >> 摄影器材 >> 电子相机
2002436	消费类电子产品 >> 摄影器材 >> 拍摄工作台
2000067	消费类电子产品 >> 配件及零件 >> DVI电缆
2000073	消费类电子产品 >> 配件及零件 >> HDMI电缆
2000082	消费类电子产品 >> 配件及零件 >> USB公母线
2000088	消费类电子产品 >> 配件及零件 >> VGA电缆
2000178	消费类电子产品 >> 配件及零件 >> 插头和连接器
2000354	消费类电子产品 >> 配件及零件 >> 电源线
2000470	消费类电子产品 >> 配件及零件 >> 国际插头适配器
2000637	消费类电子产品 >> 配件及零件 >> 扩展插座
2000922	消费类电子产品 >> 配件及零件 >> 绕线器
2001392	消费类电子产品 >> 配件及零件 >> 智能电源插座插头
2000066	消费类电子产品 >> 家庭音频和视频 >> DVD和VCD播放器
2000348	消费类电子产品 >> 家庭音频和视频 >> 电视接收器
2000475	消费类电子产品 >> 家庭音频和视频 >> 盒式录音机和播放器
2000608	消费类电子产品 >> 家庭音频和视频 >> 卡拉OK播放器
2000636	消费类电子产品 >> 家庭音频和视频 >> 扩音器
2001087	消费类电子产品 >> 家庭音频和视频 >> 投影仪
2001088	消费类电子产品 >> 家庭音频和视频 >> 投影仪配件
2001093	消费类电子产品 >> 家庭音频和视频 >> 推送宝
2000076	消费类电子产品 >> 便携式音频和视频 >> MP3，MP4播放器配件
2000077	消费类电子产品 >> 便携式音频和视频 >> MP3播放器
2000078	消费类电子产品 >> 便携式音频和视频 >> MP4播放器
2000089	消费类电子产品 >> 便携式音频和视频 >> VR和AR眼镜
2000186	消费类电子产品 >> 便携式音频和视频 >> 唱片机
2000297	消费类电子产品 >> 便携式音频和视频 >> 单声道耳机
2000358	消费类电子产品 >> 便携式音频和视频 >> 电子书阅读器
2000397	消费类电子产品 >> 便携式音频和视频 >> 耳机放大器
2000398	消费类电子产品 >> 便携式音频和视频 >> 耳机配件
2000406	消费类电子产品 >> 便携式音频和视频 >> 翻译笔
2000519	消费类电子产品 >> 便携式音频和视频 >> 话筒
2000644	消费类电子产品 >> 便携式音频和视频 >> 蓝牙耳机
2000708	消费类电子产品 >> 便携式音频和视频 >> 麦克风架
2000709	消费类电子产品 >> 便携式音频和视频 >> 麦克风配件
2000929	消费类电子产品 >> 便携式音频和视频 >> 入耳式耳机
2001018	消费类电子产品 >> 便携式音频和视频 >> 数字录音机
2001084	消费类电子产品 >> 便携式音频和视频 >> 头戴式耳机
2001147	消费类电子产品 >> 便携式音频和视频 >> 无线适配器
2001211	消费类电子产品 >> 便携式音频和视频 >> 扬声器
2001240	消费类电子产品 >> 便携式音频和视频 >> 音箱
2001420	消费类电子产品 >> 便携式音频和视频 >> 转换器
2001551	汽摩配 >> 其他汽车配件
2001849	汽摩配 >> 赛事改装 >> 内外饰改装
2001850	汽摩配 >> 赛事改装 >> 周边改装
2001851	汽摩配 >> 赛事改装 >> 电子改装
2001852	汽摩配 >> 赛事改装 >> 性能改装
2001832	汽摩配 >> 摩托车 >> 头盔
2001833	汽摩配 >> 摩托车 >> 摩托车风镜
2001834	汽摩配 >> 摩托车 >> 摩托车护具
2001835	汽摩配 >> 摩托车 >> 摩托车手套
2001836	汽摩配 >> 摩托车 >> 摩托车骑行服
2001837	汽摩配 >> 摩托车 >> 摩托车骑行裤
2001838	汽摩配 >> 摩托车 >> 摩托车骑行鞋
2001839	汽摩配 >> 摩托车 >> 骑士包
2001840	汽摩配 >> 摩托车 >> 摩托车雨衣
2001841	汽摩配 >> 摩托车 >> 摩托车蓝牙装备
2001842	汽摩配 >> 摩托车 >> 摩托车喇叭
2001843	汽摩配 >> 摩托车 >> 摩托车音响
2001844	汽摩配 >> 摩托车 >> 摩托车后视镜
2001845	汽摩配 >> 摩托车 >> 摩托车锁
2001846	汽摩配 >> 摩托车 >> 摩托车尾箱
2001847	汽摩配 >> 摩托车 >> 摩托车灯
2001853	汽摩配 >> 摩托车 >> 其它摩托车配件
2001813	汽摩配 >> 安全自驾 >> 胎压计
2001814	汽摩配 >> 安全自驾 >> 拖车绳
2001815	汽摩配 >> 安全自驾 >> 安全锤
2001816	汽摩配 >> 安全自驾 >> 搭火线
2001817	汽摩配 >> 安全自驾 >> 防滑链
2001818	汽摩配 >> 安全自驾 >> 灭火器
2001819	汽摩配 >> 安全自驾 >> 中控锁
2001820	汽摩配 >> 安全自驾 >> 方向盘锁
2001821	汽摩配 >> 安全自驾 >> GPS定位器
2001822	汽摩配 >> 安全自驾 >> 胎压监测
2001823	汽摩配 >> 安全自驾 >> 车载床
2001824	汽摩配 >> 安全自驾 >> 防盗设备
2001825	汽摩配 >> 安全自驾 >> 应急救援
2001826	汽摩配 >> 安全自驾 >> 保温箱
2001827	汽摩配 >> 安全自驾 >> 地锁
2001828	汽摩配 >> 安全自驾 >> 充气泵
2001829	汽摩配 >> 安全自驾 >> 储物箱
2001830	汽摩配 >> 安全自驾 >> 自驾野营
2001757	汽摩配 >> 汽车装饰 >> 车身装饰条
2001758	汽摩配 >> 汽车装饰 >> 汽车炭包
2001759	汽摩配 >> 汽车装饰 >> 车用收纳袋/盒
2001760	汽摩配 >> 汽车装饰 >> 汽车除雪铲
2001761	汽摩配 >> 汽车装饰 >> 遮阳挡/雪挡
2001762	汽摩配 >> 汽车装饰 >> 汽车窗帘
2001763	汽摩配 >> 汽车装饰 >> 脚垫
2001764	汽摩配 >> 汽车装饰 >> 车载支架
2001765	汽摩配 >> 汽车装饰 >> 汽车装饰灯
2001766	汽摩配 >> 汽车装饰 >> 踏板
2001767	汽摩配 >> 汽车装饰 >> 行李架/箱
2001768	汽摩配 >> 汽车装饰 >> 摆件
2001769	汽摩配 >> 汽车装饰 >> 后视镜/圆镜
2001770	汽摩配 >> 汽车装饰 >> 雨眉
2001771	汽摩配 >> 汽车装饰 >> 车贴
2001772	汽摩配 >> 汽车装饰 >> 保险杠
2001773	汽摩配 >> 汽车装饰 >> 扶手箱
2001774	汽摩配 >> 汽车装饰 >> 车载纸巾盒
2001775	汽摩配 >> 汽车装饰 >> 汽车防滑垫
2001776	汽摩配 >> 汽车装饰 >> 隔音隔热棉
2001777	汽摩配 >> 汽车装饰 >> 排挡/手刹套
2001778	汽摩配 >> 汽车装饰 >> 车载烟灰缸
2001779	汽摩配 >> 汽车装饰 >> 临时停车牌
2001780	汽摩配 >> 汽车装饰 >> 防踢垫
2001781	汽摩配 >> 汽车装饰 >> 座垫
2001782	汽摩配 >> 汽车装饰 >> 汽车钥匙扣/包
2001783	汽摩配 >> 汽车装饰 >> 座套
2001784	汽摩配 >> 汽车装饰 >> 后备箱垫
2001785	汽摩配 >> 汽车装饰 >> 头枕腰靠
2001786	汽摩配 >> 汽车装饰 >> 方向盘套
2001787	汽摩配 >> 汽车装饰 >> 香水
2001788	汽摩配 >> 汽车装饰 >> 车内除味剂
2001789	汽摩配 >> 汽车装饰 >> 挂件
2001790	汽摩配 >> 汽车装饰 >> 其它功能小件
2001791	汽摩配 >> 汽车装饰 >> 车身装饰件
2001792	汽摩配 >> 汽车装饰 >> 车衣
2001793	汽摩配 >> 汽车装饰 >> 司机护目镜
2001794	汽摩配 >> 汽车装饰 >> 车载挂钩
2001795	汽摩配 >> 汽车装饰 >> 导航/中控膜
2001796	汽摩配 >> 汽车装饰 >> 扶手箱套
2001797	汽摩配 >> 汽车装饰 >> 内饰贴
2001798	汽摩配 >> 汽车装饰 >> 门碗贴
2001799	汽摩配 >> 汽车装饰 >> 防滑贴
2001800	汽摩配 >> 汽车装饰 >> 仪表台防晒垫
2001801	汽摩配 >> 汽车装饰 >> 方向盘助力球
2001802	汽摩配 >> 汽车装饰 >> 车牌架/牌照托
2001803	汽摩配 >> 汽车装饰 >> 密封条
2001804	汽摩配 >> 汽车装饰 >> 车门拉手装饰
2001805	汽摩配 >> 汽车装饰 >> 车用衣服架
2001806	汽摩配 >> 汽车装饰 >> 车载桌板
2001807	汽摩配 >> 汽车装饰 >> 电子香薰
2001808	汽摩配 >> 汽车装饰 >> 挡泥板
2001809	汽摩配 >> 汽车装饰 >> 防撞胶条
2001810	汽摩配 >> 汽车装饰 >> 尾喉
2001811	汽摩配 >> 汽车装饰 >> 无线充支架
2001728	汽摩配 >> 美容清洗 >> 隐形车衣
2001729	汽摩配 >> 美容清洗 >> 车蜡
2001730	汽摩配 >> 美容清洗 >> 汽车贴膜
2001731	汽摩配 >> 美容清洗 >> 镀膜
2001732	汽摩配 >> 美容清洗 >> 车用掸子
2001733	汽摩配 >> 美容清洗 >> 补漆笔
2001734	汽摩配 >> 美容清洗 >> 防雾剂/驱水剂
2001735	汽摩配 >> 美容清洗 >> 喷漆
2001741	汽摩配 >> 美容清洗 >> 玻璃水
2001742	汽摩配 >> 美容清洗 >> 清洁剂
2001743	汽摩配 >> 美容清洗 >> 其它洗车工具
2001744	汽摩配 >> 美容清洗 >> 镀晶
2001745	汽摩配 >> 美容清洗 >> 打蜡机
2001746	汽摩配 >> 美容清洗 >> 洗车配件
2001747	汽摩配 >> 美容清洗 >> 洗车机
2001748	汽摩配 >> 美容清洗 >> 洗车水管/接头
2001749	汽摩配 >> 美容清洗 >> 洗车水枪/枪头
2001750	汽摩配 >> 美容清洗 >> 洗车毛巾
2001751	汽摩配 >> 美容清洗 >> 洗车水桶
2001752	汽摩配 >> 美容清洗 >> 洗车海绵
2001753	汽摩配 >> 美容清洗 >> 洗车刷
2001754	汽摩配 >> 美容清洗 >> 洗车手套
2001755	汽摩配 >> 美容清洗 >> 汽车改色膜
2001703	汽摩配 >> 车载电器 >> 导航仪
2001704	汽摩配 >> 车载电器 >> 车载充电器
2001705	汽摩配 >> 车载电器 >> 逆变器
2001706	汽摩配 >> 车载电器 >> 后视镜导航
2001707	汽摩配 >> 车载电器 >> 安全预警仪
2001708	汽摩配 >> 车载电器 >> 行车记录仪
2001709	汽摩配 >> 车载电器 >> 倒车雷达
2001710	汽摩配 >> 车载电器 >> 车载蓝牙
2001711	汽摩配 >> 车载电器 >> 车载影音
2001712	汽摩配 >> 车载电器 >> 车载净化器
2001713	汽摩配 >> 车载电器 >> 应急启动电源
2001714	汽摩配 >> 车载电器 >> 驾驶辅助
2001715	汽摩配 >> 车载电器 >> 车载电台
2001716	汽摩配 >> 车载电器 >> 车载电器配件
2001717	汽摩配 >> 车载电器 >> 车载吸尘器
2001718	汽摩配 >> 车载电器 >> 车机导航
2001719	汽摩配 >> 车载电器 >> 车载冰箱
2001720	汽摩配 >> 车载电器 >> 汽车音响
2001721	汽摩配 >> 车载电器 >> 电动尾门
2001722	汽摩配 >> 车载电器 >> HUD抬头显示
2001723	汽摩配 >> 车载电器 >> 电动车窗升降器
2001724	汽摩配 >> 车载电器 >> 汽车充电装备
2001725	汽摩配 >> 车载电器 >> 360全景影像
2001726	汽摩配 >> 车载电器 >> 执法记录仪
2001663	汽摩配 >> 维修保养 >> 刹车盘/鼓
2001664	汽摩配 >> 维修保养 >> 正时皮带
2001665	汽摩配 >> 维修保养 >> 刹车蹄
2001666	汽摩配 >> 维修保养 >> 刹车卡钳
2001667	汽摩配 >> 维修保养 >> 汽车喇叭
2001668	汽摩配 >> 维修保养 >> 刹车泵
2001669	汽摩配 >> 维修保养 >> 刹车油管
2001670	汽摩配 >> 维修保养 >> 空调滤清器
2001671	汽摩配 >> 维修保养 >> 汽车玻璃
2001672	汽摩配 >> 维修保养 >> 氙气灯
2001673	汽摩配 >> 维修保养 >> 大灯总成
2001674	汽摩配 >> 维修保养 >> LED车灯
2001675	汽摩配 >> 维修保养 >> 车灯辅件
2001676	汽摩配 >> 维修保养 >> 燃油滤清器
2001677	汽摩配 >> 维修保养 >> 机油滤清器
2001678	汽摩配 >> 维修保养 >> 火花塞
2001679	汽摩配 >> 维修保养 >> 减震器
2001680	汽摩配 >> 维修保养 >> 雨刷
2001681	汽摩配 >> 维修保养 >> 卤素灯
2001682	汽摩配 >> 维修保养 >> 后视镜
2001683	汽摩配 >> 维修保养 >> 轮胎
2001684	汽摩配 >> 维修保养 >> 轮毂
2001685	汽摩配 >> 维修保养 >> 刹车片
2001686	汽摩配 >> 维修保养 >> 维修配件
2001687	汽摩配 >> 维修保养 >> 蓄电池
2001688	汽摩配 >> 维修保养 >> 底盘装甲/护板
2001689	汽摩配 >> 维修保养 >> 其它汽修工具
2001690	汽摩配 >> 维修保养 >> 改装配件
2001691	汽摩配 >> 维修保养 >> 三滤套装
2001692	汽摩配 >> 维修保养 >> 点火线圈
2001693	汽摩配 >> 维修保养 >> 高压线
2001694	汽摩配 >> 维修保养 >> 氧传感器
2001695	汽摩配 >> 维修保养 >> 起动机/发电机
2001696	汽摩配 >> 维修保养 >> 水泵
2001697	汽摩配 >> 维修保养 >> 千斤顶
2001698	汽摩配 >> 维修保养 >> 工具箱/工具车
2001699	汽摩配 >> 维修保养 >> 胶带/双面胶
2001700	汽摩配 >> 维修保养 >> 汽车维修设备
2001701	汽摩配 >> 维修保养 >> 检修灯
2000104	汽摩配 >> 汽车维修工具 >> 钣金板
2000105	汽摩配 >> 汽车维修工具 >> 钣金尺
2000106	汽摩配 >> 汽车维修工具 >> 钣金工具配件
2000107	汽摩配 >> 汽车维修工具 >> 钣金工具套装
2000108	汽摩配 >> 汽车维修工具 >> 钣金支架
2000251	汽摩配 >> 汽车维修工具 >> 触控笔
2000291	汽摩配 >> 汽车维修工具 >> 代码读取器和扫描工具
2000322	汽摩配 >> 汽车维修工具 >> 点火测试仪
2000329	汽摩配 >> 汽车维修工具 >> 电池测试仪
2000346	汽摩配 >> 汽车维修工具 >> 电气测试仪和测试线
2000383	汽摩配 >> 汽车维修工具 >> 定时灯
2000401	汽摩配 >> 汽车维修工具 >> 发动机起重机
2000446	汽摩配 >> 汽车维修工具 >> 工具箱
2000482	汽摩配 >> 汽车维修工具 >> 红外线灯
2000523	汽摩配 >> 汽车维修工具 >> 黄油枪
2000533	汽摩配 >> 汽车维修工具 >> 机械测试仪
2000548	汽摩配 >> 汽车维修工具 >> 加油设备
2000565	汽摩配 >> 汽车维修工具 >> 角磨机
2000620	汽摩配 >> 汽车维修工具 >> 空调灌装设备
2000693	汽摩配 >> 汽车维修工具 >> 轮胎拆装机
2000694	汽摩配 >> 汽车维修工具 >> 轮胎平衡机
2000695	汽摩配 >> 汽车维修工具 >> 轮胎平衡块
2000696	汽摩配 >> 汽车维修工具 >> 轮胎修理工具
2000783	汽摩配 >> 汽车维修工具 >> 排放分析仪
2000867	汽摩配 >> 汽车维修工具 >> 气囊扫描工具和模拟器
2000869	汽摩配 >> 汽车维修工具 >> 气体分析仪
2000885	汽摩配 >> 汽车维修工具 >> 汽车维修穿戴设备
2000886	汽摩配 >> 汽车维修工具 >> 汽车维修组合服
2000888	汽摩配 >> 汽车维修工具 >> 汽车油漆工具
2000891	汽摩配 >> 汽车维修工具 >> 汽车诊断器
2000892	汽摩配 >> 汽车维修工具 >> 汽车诊断器线和连接器
2000952	汽摩配 >> 汽车维修工具 >> 刹车液灌装设备
2001057	汽摩配 >> 汽车维修工具 >> 躺板
2001063	汽摩配 >> 汽车维修工具 >> 特殊拆卸工具
2001065	汽摩配 >> 汽车维修工具 >> 体温计
2001094	汽摩配 >> 汽车维修工具 >> 托架
2001120	汽摩配 >> 汽车维修工具 >> 万用表和分析仪
2001162	汽摩配 >> 汽车维修工具 >> 细撬棍
2001202	汽摩配 >> 汽车维修工具 >> 压力和真空测试仪
2001207	汽摩配 >> 汽车维修工具 >> 研磨机
2001281	汽摩配 >> 汽车维修工具 >> 油漆凹痕修复工具
2001346	汽摩配 >> 汽车维修工具 >> 脏油收集桶
2000201	汽摩配 >> 汽车外装配件 >> 车贴
2000263	汽摩配 >> 汽车外装配件 >> 窗膜和防晒
2000409	汽摩配 >> 汽车外装配件 >> 反光条
2000487	汽摩配 >> 汽车外装配件 >> 后视镜折叠套件
2000787	汽摩配 >> 汽车外装配件 >> 牌照
2000890	汽摩配 >> 汽车外装配件 >> 汽车罩
2001362	汽摩配 >> 汽车外装配件 >> 遮阳篷
2000096	汽摩配 >> 汽车内饰配件 >> 安全带和卡扣
2000198	汽摩配 >> 汽车内饰配件 >> 车内装饰条
2000213	汽摩配 >> 汽车内饰配件 >> 车载垃圾桶
2000219	汽摩配 >> 汽车内饰配件 >> 车载烟灰缸
2000221	汽摩配 >> 汽车内饰配件 >> 车载支架
2000319	汽摩配 >> 汽车内饰配件 >> 地板垫
2000392	汽摩配 >> 汽车内饰配件 >> 儿童防踢垫
2000417	汽摩配 >> 汽车内饰配件 >> 防滑垫
2000419	汽摩配 >> 汽车内饰配件 >> 防水雨伞套
2000485	汽摩配 >> 汽车内饰配件 >> 后视镜盖
2000522	汽摩配 >> 汽车内饰配件 >> 换档旋钮套
2000582	汽摩配 >> 汽车内饰配件 >> 颈枕
2000625	汽摩配 >> 汽车内饰配件 >> 空气清新剂
2000763	汽摩配 >> 汽车内饰配件 >> 内后视镜
2000875	汽摩配 >> 汽车内饰配件 >> 汽车防睡提醒器
2000876	汽摩配 >> 汽车内饰配件 >> 汽车防脏垫
2000878	汽摩配 >> 汽车内饰配件 >> 汽车紧固件和夹子
2000880	汽摩配 >> 汽车内饰配件 >> 汽车旅行床
2000882	汽摩配 >> 汽车内饰配件 >> 汽车内饰贴纸
2000889	汽摩配 >> 汽车内饰配件 >> 汽车钥匙包
2000893	汽摩配 >> 汽车内饰配件 >> 汽车座套
2000982	汽摩配 >> 汽车内饰配件 >> 收拾整理
2001001	汽摩配 >> 汽车内饰配件 >> 手刹握把
2001043	汽摩配 >> 汽车内饰配件 >> 司机护目镜
2001127	汽摩配 >> 汽车内饰配件 >> 尾架及配件
2001210	汽摩配 >> 汽车内饰配件 >> 眼镜盒
2001331	汽摩配 >> 汽车内饰配件 >> 钥匙圈
2001376	汽摩配 >> 汽车内饰配件 >> 纸巾盒
2001421	汽摩配 >> 汽车内饰配件 >> 转向套
2000064	汽摩配 >> 汽车零件 >> ABS, EBS系统零件与配件
2000114	汽摩配 >> 汽车零件 >> 保护框
2000116	汽摩配 >> 汽车零件 >> 保险杠
2000118	汽摩配 >> 汽车零件 >> 保险丝
2000155	汽摩配 >> 汽车零件 >> 标志
2000191	汽摩配 >> 汽车零件 >> 车窗拉杆和车窗拉手
2000192	汽摩配 >> 汽车零件 >> 车窗马达及配件
2000194	汽摩配 >> 汽车零件 >> 车灯配件
2000195	汽摩配 >> 汽车零件 >> 车灯总成
2000196	汽摩配 >> 汽车零件 >> 车辆稳定器轴
2000197	汽摩配 >> 汽车零件 >> 车轮轮胎及零件
2000200	汽摩配 >> 汽车零件 >> 车身套件
2000203	汽摩配 >> 汽车零件 >> 车钥匙
2000226	汽摩配 >> 汽车零件 >> 充电和启动系统
2000255	汽摩配 >> 汽车零件 >> 传动与传动系
2000256	汽摩配 >> 汽车零件 >> 传感器与开关
2000301	汽摩配 >> 汽车零件 >> 挡风玻璃雨刷吹罐过滤器
2000304	汽摩配 >> 汽车零件 >> 挡泥板
2000310	汽摩配 >> 汽车零件 >> 灯条
2000311	汽摩配 >> 汽车零件 >> 灯罩
2000317	汽摩配 >> 汽车零件 >> 底盘组件
2000323	汽摩配 >> 汽车零件 >> 点火线圈
2000324	汽摩配 >> 汽车零件 >> 点火线套件
2000325	汽摩配 >> 汽车零件 >> 点烟器
2000350	汽摩配 >> 汽车零件 >> 电线
2000360	汽摩配 >> 汽车零件 >> 垫圈
2000390	汽摩配 >> 汽车零件 >> 多音和Claxon号角
2000410	汽摩配 >> 汽车零件 >> 方向盘和喇叭
2000425	汽摩配 >> 汽车零件 >> 扶手
2000459	汽摩配 >> 汽车零件 >> 挂车刹车
2000521	汽摩配 >> 汽车零件 >> 换档旋钮
2000530	汽摩配 >> 汽车零件 >> 火花塞和电热塞
2000541	汽摩配 >> 汽车零件 >> 计量表
2000578	汽摩配 >> 汽车零件 >> 筋膜
2000580	汽摩配 >> 汽车零件 >> 进气系统
2000609	汽摩配 >> 汽车零件 >> 卡钳及零件
2000652	汽摩配 >> 汽车零件 >> 冷却系统
2000690	汽摩配 >> 汽车零件 >> 轮缸及零件
2000701	汽摩配 >> 汽车零件 >> 螺母和螺栓
2000728	汽摩配 >> 汽车零件 >> 门锁防护罩
2000764	汽摩配 >> 汽车零件 >> 内门把手
2000765	汽摩配 >> 汽车零件 >> 内门板和零件
2000785	汽摩配 >> 汽车零件 >> 排气系统
2000871	汽摩配 >> 汽车零件 >> 汽车玻璃
2000872	汽摩配 >> 汽车零件 >> 汽车大灯灯泡（LED）
2000873	汽摩配 >> 汽车零件 >> 汽车大灯灯泡（卤素灯）
2000874	汽摩配 >> 汽车零件 >> 汽车大灯灯泡（氙气）
2000879	汽摩配 >> 汽车零件 >> 汽车开关与继电器
2000881	汽摩配 >> 汽车零件 >> 汽车密封件
2000883	汽摩配 >> 汽车零件 >> 汽车其它配件
2000884	汽摩配 >> 汽车零件 >> 汽车刹车片
2000887	汽摩配 >> 汽车零件 >> 汽车雾灯
2000895	汽摩配 >> 汽车零件 >> 前轮和后轮制动缸
2000919	汽摩配 >> 汽车零件 >> 燃油供应系统
2000921	汽摩配 >> 汽车零件 >> 扰流板和机翼
2000937	汽摩配 >> 汽车零件 >> 润滑系统
2000939	汽摩配 >> 汽车零件 >> 赛车烤架
2000951	汽摩配 >> 汽车零件 >> 刹车线
2000999	汽摩配 >> 汽车零件 >> 手刹
2001000	汽摩配 >> 汽车零件 >> 手刹开关
2001048	汽摩配 >> 汽车零件 >> 锁具和五金件
2001049	汽摩配 >> 汽车零件 >> 踏板
2001066	汽摩配 >> 汽车零件 >> 天窗，敞篷车和硬顶
2001067	汽摩配 >> 汽车零件 >> 天线
2001104	汽摩配 >> 汽车零件 >> 外门把手
2001105	汽摩配 >> 汽车零件 >> 外门板和门框
2001135	汽摩配 >> 汽车零件 >> 涡轮增压器，氧化亚氮，增压
2001149	汽摩配 >> 汽车零件 >> 无钥匙启动系统
2001192	汽摩配 >> 汽车零件 >> 信号灯
2001194	汽摩配 >> 汽车零件 >> 行李箱盖及零件
2001195	汽摩配 >> 汽车零件 >> 行李箱装饰
2001241	汽摩配 >> 汽车零件 >> 引擎
2001244	汽摩配 >> 汽车零件 >> 引擎及零件
2001285	汽摩配 >> 汽车零件 >> 油箱盖
2001316	汽摩配 >> 汽车零件 >> 雨刮器
2001330	汽摩配 >> 汽车零件 >> 钥匙壳
2001349	汽摩配 >> 汽车零件 >> 造型线
2001360	汽摩配 >> 汽车零件 >> 遮阳板
2001370	汽摩配 >> 汽车零件 >> 正面和散热器格栅
2001380	汽摩配 >> 汽车零件 >> 制动副缸
2001381	汽摩配 >> 汽车零件 >> 制动软管和配件
2001382	汽摩配 >> 汽车零件 >> 制动液
2001383	汽摩配 >> 汽车零件 >> 制动助力泵
2001418	汽摩配 >> 汽车零件 >> 主缸和零件
2001419	汽摩配 >> 汽车零件 >> 驻车制动
2001423	汽摩配 >> 汽车零件 >> 装饰灯
2001469	汽摩配 >> 汽车零件 >> 座椅，长椅和配件
2000068	汽摩配 >> 汽车电子 >> DVR，行车记录仪
2000069	汽摩配 >> 汽车电子 >> FM发射器
2000070	汽摩配 >> 汽车电子 >> GPS接收器和天线
2000071	汽摩配 >> 汽车电子 >> GPS配件
2000072	汽摩配 >> 汽车电子 >> GPS追踪器
2000189	汽摩配 >> 汽车电子 >> 车充
2000202	汽摩配 >> 汽车电子 >> 车用保温箱
2000204	汽摩配 >> 汽车电子 >> 车载CD播放器
2000205	汽摩配 >> 汽车电子 >> 车载GPS
2000206	汽摩配 >> 汽车电子 >> 车载MP3播放器
2000207	汽摩配 >> 汽车电子 >> 车载MP4和MP5播放器
2000209	汽摩配 >> 汽车电子 >> 车载电视接收器
2000210	汽摩配 >> 汽车电子 >> 车载多媒体播放器
2000211	汽摩配 >> 汽车电子 >> 车载空气加湿器
2000212	汽摩配 >> 汽车电子 >> 车载空气净化器
2000214	汽摩配 >> 汽车电子 >> 车载蓝牙免提
2000215	汽摩配 >> 汽车电子 >> 车载逆变器
2000216	汽摩配 >> 汽车电子 >> 车载摄像头
2000217	汽摩配 >> 汽车电子 >> 车载收音机
2000218	汽摩配 >> 汽车电子 >> 车载显示器
2000258	汽摩配 >> 汽车电子 >> 船用GPS
2000298	汽摩配 >> 汽车电子 >> 单声道放大器
2000306	汽摩配 >> 汽车电子 >> 倒车雷达
2000315	汽摩配 >> 汽车电子 >> 低音炮盒和外壳
2000326	汽摩配 >> 汽车电子 >> 电冰箱
2000333	汽摩配 >> 汽车电子 >> 电池跳线
2000342	汽摩配 >> 汽车电子 >> 电缆，适配器和插座
2000349	汽摩配 >> 汽车电子 >> 电视信号接收器
2000353	汽摩配 >> 汽车电子 >> 电源适配器
2000389	汽摩配 >> 汽车电子 >> 多通道放大器
2000413	汽摩配 >> 汽车电子 >> 防盗报警器
2000474	汽摩配 >> 汽车电子 >> 盒式磁带播放器
2000639	汽摩配 >> 汽车电子 >> 喇叭线
2000650	汽摩配 >> 汽车电子 >> 雷达探测器
2000660	汽摩配 >> 汽车电子 >> 立体声放大器
2000738	汽摩配 >> 汽车电子 >> 摩托车GPS
2000781	汽摩配 >> 汽车电子 >> 暖气和风扇
2000810	汽摩配 >> 汽车电子 >> 平视显示器
2000863	汽摩配 >> 汽车电子 >> 启动器
2000877	汽摩配 >> 汽车电子 >> 汽车加热杯
2001051	汽摩配 >> 汽车电子 >> 胎压报警
2001151	汽摩配 >> 汽车电子 >> 吸尘器
2001213	汽摩配 >> 汽车电子 >> 扬声器支架
2001218	汽摩配 >> 汽车电子 >> 遥控器
2000117	汽摩配 >> 摩托车配件 >> 保险杠和底盘
2000184	汽摩配 >> 摩托车配件 >> 长裤
2000188	汽摩配 >> 摩托车配件 >> 车把
2000199	汽摩配 >> 摩托车配件 >> 车牌架
2000288	汽摩配 >> 摩托车配件 >> 大灯支架
2000300	汽摩配 >> 摩托车配件 >> 挡风玻璃和挡风板
2000407	汽摩配 >> 摩托车配件 >> 反光安全服
2000412	汽摩配 >> 摩托车配件 >> 防盗保护
2000416	汽摩配 >> 摩托车配件 >> 防护装备配件
2000422	汽摩配 >> 摩托车配件 >> 风扇罩
2000431	汽摩配 >> 摩托车配件 >> 盖和装饰线条
2000436	汽摩配 >> 摩托车配件 >> 杠杆，绳索和电缆
2000486	汽摩配 >> 摩托车配件 >> 后视镜及配件
2000516	汽摩配 >> 摩托车配件 >> 化油器
2000529	汽摩配 >> 摩托车配件 >> 活塞环
2000556	汽摩配 >> 摩托车配件 >> 驾驶安全带
2000570	汽摩配 >> 摩托车配件 >> 脚垫
2000573	汽摩配 >> 摩托车配件 >> 脚踏启动杆零配件
2000635	汽摩配 >> 摩托车配件 >> 盔甲
2000653	汽摩配 >> 摩托车配件 >> 离合器及配件
2000664	汽摩配 >> 摩托车配件 >> 链轮
2000665	汽摩配 >> 摩托车配件 >> 链套
2000691	汽摩配 >> 摩托车配件 >> 轮圈
2000692	汽摩配 >> 摩托车配件 >> 轮胎
2000698	汽摩配 >> 摩托车配件 >> 轮辋
2000739	汽摩配 >> 摩托车配件 >> 摩托车电池
2000740	汽摩配 >> 摩托车配件 >> 摩托车电子配件
2000741	汽摩配 >> 摩托车配件 >> 摩托车防盗报警器
2000742	汽摩配 >> 摩托车配件 >> 摩托车后备箱
2000743	汽摩配 >> 摩托车配件 >> 摩托车护膝
2000744	汽摩配 >> 摩托车配件 >> 摩托车驾驶专用雨衣
2000745	汽摩配 >> 摩托车配件 >> 摩托车开关
2000746	汽摩配 >> 摩托车配件 >> 摩托车口罩
2000747	汽摩配 >> 摩托车配件 >> 摩托车喇叭
2000748	汽摩配 >> 摩托车配件 >> 摩托车马达
2000749	汽摩配 >> 摩托车配件 >> 摩托车启动器
2000750	汽摩配 >> 摩托车配件 >> 摩托车行李网
2000751	汽摩配 >> 摩托车配件 >> 摩托车靴
2000752	汽摩配 >> 摩托车配件 >> 摩托车眼镜
2000753	汽摩配 >> 摩托车配件 >> 摩托车音响
2000754	汽摩配 >> 摩托车配件 >> 摩托车罩
2000804	汽摩配 >> 摩托车配件 >> 皮革和马鞍包
2000909	汽摩配 >> 摩托车配件 >> 倾斜和防护板
2000913	汽摩配 >> 摩托车配件 >> 曲轴
2000920	汽摩配 >> 摩托车配件 >> 燃油滤清器
2000936	汽摩配 >> 摩托车配件 >> 润滑剂
2000949	汽摩配 >> 摩托车配件 >> 刹车盘
2000950	汽摩配 >> 摩托车配件 >> 刹车蹄套
2001002	汽摩配 >> 摩托车配件 >> 手套
2001020	汽摩配 >> 摩托车配件 >> 摔倒保护
2001024	汽摩配 >> 摩托车配件 >> 水泵
2001047	汽摩配 >> 摩托车配件 >> 锁和闩锁
2001071	汽摩配 >> 摩托车配件 >> 贴花和贴纸
2001085	汽摩配 >> 摩托车配件 >> 头盔
2001097	汽摩配 >> 摩托车配件 >> 拖车和拖车联轴器
2001106	汽摩配 >> 摩托车配件 >> 外套
2001136	汽摩配 >> 摩托车配件 >> 涡轮增压器零配件
2001139	汽摩配 >> 摩托车配件 >> 握把
2001155	汽摩配 >> 摩托车配件 >> 吸管和歧管
2001233	汽摩配 >> 摩托车配件 >> 仪器
2001242	汽摩配 >> 摩托车配件 >> 引擎
2001243	汽摩配 >> 摩托车配件 >> 引擎盖
2001282	汽摩配 >> 摩托车配件 >> 油漆和喷雾
2001284	汽摩配 >> 摩托车配件 >> 油箱
2001468	汽摩配 >> 摩托车配件 >> 座套
2001471	汽摩配 >> 摩托车配件 >> 座椅和长椅
2001737	平板手机零配件 >> 壳子和屏贴 >> 手机壳
2001738	平板手机零配件 >> 壳子和屏贴 >> 平板电脑壳
2001739	平板手机零配件 >> 壳子和屏贴 >> 包或直插皮套
2001740	平板手机零配件 >> 壳子和屏贴 >> 屏贴
2001529	平板手机零配件 >> 零件 >> 液晶屏幕
2001530	平板手机零配件 >> 零件 >> 电池
2001531	平板手机零配件 >> 零件 >> 排线
2001532	平板手机零配件 >> 零件 >> 外壳和框架
2001533	平板手机零配件 >> 零件 >> 摄像头
2001534	平板手机零配件 >> 零件 >> 马达
2001535	平板手机零配件 >> 零件 >> 听筒
2001536	平板手机零配件 >> 零件 >> 扬声器
2001537	平板手机零配件 >> 零件 >> IC电容(主板零部件)
2001538	平板手机零配件 >> 零件 >> SIM/SD卡托 （卡托、卡座）
2001539	平板手机零配件 >> 零件 >> 胶纸类
2001540	平板手机零配件 >> 零件 >> 指纹识别相关零件
2001541	平板手机零配件 >> 零件 >> OCA、偏光片
2001542	平板手机零配件 >> 零件 >> 尾插
2001543	平板手机零配件 >> 零件 >> 其他零件
2001544	平板手机零配件 >> 零件 >> 手机平板维修工具
2000062	平板手机零配件 >> 手机 >> 5G手机
2000075	平板手机零配件 >> 手机 >> iPhones
2000100	平板手机零配件 >> 手机 >> 安卓手机
2000405	平板手机零配件 >> 手机 >> 翻新手机
2000448	平板手机零配件 >> 手机 >> 功能手机
2000649	平板手机零配件 >> 手机 >> 老人机
2000807	平板手机零配件 >> 手机 >> 平板电脑
2000111	平板手机零配件 >> 平板手机配件 >> 包装盒
2000122	平板手机零配件 >> 平板手机配件 >> 背夹电池
2000152	平板手机零配件 >> 平板手机配件 >> 臂包和腰包
2000208	平板手机零配件 >> 平板手机配件 >> 车载充电器
2000220	平板手机零配件 >> 平板手机配件 >> 车载支架
2000228	平板手机零配件 >> 平板手机配件 >> 充电器
2000230	平板手机零配件 >> 平板手机配件 >> 充电座和HUB
2000252	平板手机零配件 >> 平板手机配件 >> 触摸笔
2000254	平板手机零配件 >> 平板手机配件 >> 触摸手套
2000330	平板手机零配件 >> 平板手机配件 >> 电池充电器盒
2000411	平板手机零配件 >> 平板手机配件 >> 防尘塞
2000532	平板手机零配件 >> 平板手机配件 >> 机模
2000585	平板手机零配件 >> 平板手机配件 >> 镜头
2000645	平板手机零配件 >> 平板手机配件 >> 蓝牙键盘
2000839	平板手机零配件 >> 平板手机配件 >> 其他手机平板配件
2000980	平板手机零配件 >> 平板手机配件 >> 适配器和转换器
2000991	平板手机零配件 >> 平板手机配件 >> 手机红外发射器
2000993	平板手机零配件 >> 平板手机配件 >> 手机链
2000995	平板手机零配件 >> 平板手机配件 >> 手机屏幕放大器
2000996	平板手机零配件 >> 平板手机配件 >> 手机散热器
2000997	平板手机零配件 >> 平板手机配件 >> 手机闪光灯和自拍灯
2000998	平板手机零配件 >> 平板手机配件 >> 手机自拍杆和三角架
2001007	平板手机零配件 >> 平板手机配件 >> 手指扣环
2001016	平板手机零配件 >> 平板手机配件 >> 数据线
2001072	平板手机零配件 >> 平板手机配件 >> 贴纸
2001144	平板手机零配件 >> 平板手机配件 >> 无线充电器
2001193	平板手机零配件 >> 平板手机配件 >> 信号助推器
2001234	平板手机零配件 >> 平板手机配件 >> 移动电源
2001235	平板手机零配件 >> 平板手机配件 >> 移动电源配件
2001430	平板手机零配件 >> 平板手机配件 >> 桌面支架
2001474	平板手机零配件 >> 平板手机配件 >> B2C淘宝风手机壳
2001526	平板手机零配件 >> 平板手机配件 >> 钢化膜材料
2000074	平板手机零配件 >> 零件(旧) >> IC电容
2000079	平板手机零配件 >> 零件(旧) >> SIM / SD卡托
2000253	平板手机零配件 >> 零件(旧) >> 触摸屏（盖板）
2000327	平板手机零配件 >> 零件(旧) >> 电池
2000563	平板手机零配件 >> 零件(旧) >> 胶纸类
2000705	平板手机零配件 >> 零件(旧) >> 马达
2000786	平板手机零配件 >> 零件(旧) >> 排线
2000832	平板手机零配件 >> 零件(旧) >> 其他零件
2000960	平板手机零配件 >> 零件(旧) >> 摄像头模块
2000994	平板手机零配件 >> 零件(旧) >> 手机平板维修工具(旧)
2001075	平板手机零配件 >> 零件(旧) >> 听筒
2001103	平板手机零配件 >> 零件(旧) >> 外壳和框架
2001212	平板手机零配件 >> 零件(旧) >> 扬声器
2001227	平板手机零配件 >> 零件(旧) >> 液晶屏
2001549	家居与园艺 >> 其它家居与园艺产品
2001950	家居与园艺 >> 厨具 >> 炒锅
2001951	家居与园艺 >> 厨具 >> 平底锅/煎锅
2001952	家居与园艺 >> 厨具 >> 高压锅
2001953	家居与园艺 >> 厨具 >> 蒸锅
2001954	家居与园艺 >> 厨具 >> 汤锅
2001955	家居与园艺 >> 厨具 >> 奶锅
2001956	家居与园艺 >> 厨具 >> 锅具套装
2001957	家居与园艺 >> 厨具 >> 砂锅
2001958	家居与园艺 >> 厨具 >> 水壶
2001959	家居与园艺 >> 厨具 >> 火锅
2001960	家居与园艺 >> 厨具 >> 菜刀
2001961	家居与园艺 >> 厨具 >> 剪刀
2001962	家居与园艺 >> 厨具 >> 刀具套装
2001963	家居与园艺 >> 厨具 >> 砧板
2001964	家居与园艺 >> 厨具 >> 瓜果刀/刨
2001965	家居与园艺 >> 厨具 >> 多功能刀
2001966	家居与园艺 >> 厨具 >> 保鲜盒
2001967	家居与园艺 >> 厨具 >> 烘焙/烧烤
2001968	家居与园艺 >> 厨具 >> 厨房秤
2001969	家居与园艺 >> 厨具 >> 饭盒/提锅
2001970	家居与园艺 >> 厨具 >> 厨房置物架
2001971	家居与园艺 >> 厨具 >> 厨房DIY/小工具
2001972	家居与园艺 >> 厨具 >> 厨房储物器皿
2001973	家居与园艺 >> 厨具 >> 调料器皿
2001974	家居与园艺 >> 厨具 >> 塑料杯
2001975	家居与园艺 >> 厨具 >> 运动水壶
2001976	家居与园艺 >> 厨具 >> 玻璃杯
2001977	家居与园艺 >> 厨具 >> 陶瓷/马克杯
2001978	家居与园艺 >> 厨具 >> 保温杯
2001979	家居与园艺 >> 厨具 >> 酒杯/酒具
2001980	家居与园艺 >> 厨具 >> 杯具套装
2001981	家居与园艺 >> 厨具 >> 焖烧杯
2001982	家居与园艺 >> 厨具 >> 水具/酒具配件
2001983	家居与园艺 >> 厨具 >> 餐具套装
2001984	家居与园艺 >> 厨具 >> 碗
2001985	家居与园艺 >> 厨具 >> 筷子
2001986	家居与园艺 >> 厨具 >> 一次性餐具
2001987	家居与园艺 >> 厨具 >> 果盘/果篮
2001988	家居与园艺 >> 厨具 >> 盘/碟
2001989	家居与园艺 >> 厨具 >> 刀/叉/勺
2001990	家居与园艺 >> 厨具 >> 自助餐炉
2001991	家居与园艺 >> 厨具 >> 酒店餐具
2001992	家居与园艺 >> 厨具 >> 酒店水具
2001993	家居与园艺 >> 厨具 >> 茶杯
2001994	家居与园艺 >> 厨具 >> 茶壶
2001995	家居与园艺 >> 厨具 >> 茶盘茶托
2001996	家居与园艺 >> 厨具 >> 茶叶罐
2001997	家居与园艺 >> 厨具 >> 茶具配件
2001998	家居与园艺 >> 厨具 >> 旅行茶具
2001999	家居与园艺 >> 厨具 >> 盖碗
2002000	家居与园艺 >> 厨具 >> 咖啡杯
2002001	家居与园艺 >> 厨具 >> 咖啡壶
2002002	家居与园艺 >> 厨具 >> 咖啡具套装
2002003	家居与园艺 >> 厨具 >> 咖啡磨豆机
2002004	家居与园艺 >> 厨具 >> 打奶器
2002005	家居与园艺 >> 厨具 >> 咖啡滤纸
2002006	家居与园艺 >> 厨具 >> 咖啡具配件
2001933	家居与园艺 >> 家具 >> 电脑桌
2001934	家居与园艺 >> 家具 >> 电视柜
2001935	家居与园艺 >> 家具 >> 茶几
2001936	家居与园艺 >> 家具 >> 办公柜
2001937	家居与园艺 >> 家具 >> 沙发
2001938	家居与园艺 >> 家具 >> 床
2001939	家居与园艺 >> 家具 >> 床垫
2001940	家居与园艺 >> 家具 >> 餐桌
2001941	家居与园艺 >> 家具 >> 衣柜
2001942	家居与园艺 >> 家具 >> 书架
2001943	家居与园艺 >> 家具 >> 鞋柜
2001944	家居与园艺 >> 家具 >> 储物架
2001945	家居与园艺 >> 家具 >> 电脑椅
2001946	家居与园艺 >> 家具 >> 晾衣架
2001947	家居与园艺 >> 家具 >> 儿童床
2001948	家居与园艺 >> 家具 >> 儿童座椅
2001921	家居与园艺 >> 灯具 >> 吸顶灯
2001922	家居与园艺 >> 灯具 >> 吊灯
2001923	家居与园艺 >> 灯具 >> 台灯
2001924	家居与园艺 >> 灯具 >> 筒灯射灯
2001925	家居与园艺 >> 灯具 >> 庭院灯
2001926	家居与园艺 >> 灯具 >> 装饰灯
2001927	家居与园艺 >> 灯具 >> LED灯
2001928	家居与园艺 >> 灯具 >> 氛围照明
2001929	家居与园艺 >> 灯具 >> 落地灯
2001930	家居与园艺 >> 灯具 >> 应急灯/手电
2001931	家居与园艺 >> 灯具 >> 节能灯
2001906	家居与园艺 >> 五金电工 >> 仪器仪表
2001907	家居与园艺 >> 五金电工 >> 工具配件
2001908	家居与园艺 >> 五金电工 >> 气动工具
2001909	家居与园艺 >> 五金电工 >> 机电五金
2001910	家居与园艺 >> 五金电工 >> 手动工具
2001911	家居与园艺 >> 五金电工 >> 电动工具
2001912	家居与园艺 >> 五金电工 >> 测量工具
2001913	家居与园艺 >> 五金电工 >> 工具套装
2001914	家居与园艺 >> 五金电工 >> 电子锁
2001915	家居与园艺 >> 五金电工 >> 搬运/起重设备
2001916	家居与园艺 >> 五金电工 >> 智能锁
2001917	家居与园艺 >> 五金电工 >> 道路护栏板
2001918	家居与园艺 >> 五金电工 >> 喷涂设备
2001919	家居与园艺 >> 五金电工 >> 安检设备
2001893	家居与园艺 >> 厨房卫浴 >> 水槽
2001894	家居与园艺 >> 厨房卫浴 >> 水龙头
2001895	家居与园艺 >> 厨房卫浴 >> 淋浴花洒
2001896	家居与园艺 >> 厨房卫浴 >> 马桶
2001897	家居与园艺 >> 厨房卫浴 >> 智能马桶
2001898	家居与园艺 >> 厨房卫浴 >> 智能马桶盖
2001899	家居与园艺 >> 厨房卫浴 >> 厨卫挂件
2001900	家居与园艺 >> 厨房卫浴 >> 浴室柜
2001901	家居与园艺 >> 厨房卫浴 >> 浴霸
2001902	家居与园艺 >> 厨房卫浴 >> 集成吊顶
2001903	家居与园艺 >> 厨房卫浴 >> 垃圾处理器
2001904	家居与园艺 >> 厨房卫浴 >> 厨卫配件
2001883	家居与园艺 >> 建筑材料 >> 油漆涂料
2001884	家居与园艺 >> 建筑材料 >> 涂刷辅料
2001885	家居与园艺 >> 建筑材料 >> 瓷砖
2001886	家居与园艺 >> 建筑材料 >> 地板
2001887	家居与园艺 >> 建筑材料 >> 壁纸
2001888	家居与园艺 >> 建筑材料 >> 强化地板
2001889	家居与园艺 >> 建筑材料 >> 美缝剂
2001890	家居与园艺 >> 建筑材料 >> 防水涂料
2001891	家居与园艺 >> 建筑材料 >> 木材/板材
2001870	家居与园艺 >> 家装软饰 >> 相框/照片墙
2001871	家居与园艺 >> 家装软饰 >> 装饰字画
2001872	家居与园艺 >> 家装软饰 >> 节庆饰品
2001873	家居与园艺 >> 家装软饰 >> 手工/十字绣
2001874	家居与园艺 >> 家装软饰 >> 装饰摆件
2001875	家居与园艺 >> 家装软饰 >> 帘艺隔断
2001876	家居与园艺 >> 家装软饰 >> 墙贴/装饰贴
2001877	家居与园艺 >> 家装软饰 >> 钟饰
2001878	家居与园艺 >> 家装软饰 >> 花瓶花艺
2001879	家居与园艺 >> 家装软饰 >> 香薰蜡烛
2001880	家居与园艺 >> 家装软饰 >> 创意家居
2001881	家居与园艺 >> 家装软饰 >> 壁饰
2001863	家居与园艺 >> 生活日用 >> 缝纫/针织材料
2001864	家居与园艺 >> 生活日用 >> 保暖防护
2001865	家居与园艺 >> 生活日用 >> 雨具
2001866	家居与园艺 >> 生活日用 >> 缝纫机
2001867	家居与园艺 >> 生活日用 >> 洗晒/熨烫
2001868	家居与园艺 >> 生活日用 >> 净化除味
2001855	家居与园艺 >> 收纳用品 >> 收纳袋/包
2001856	家居与园艺 >> 收纳用品 >> 收纳柜
2001857	家居与园艺 >> 收纳用品 >> 收纳箱
2001858	家居与园艺 >> 收纳用品 >> 防尘罩
2001859	家居与园艺 >> 收纳用品 >> 收纳架/篮
2001860	家居与园艺 >> 收纳用品 >> 分隔收纳
2001861	家居与园艺 >> 收纳用品 >> 收纳盒
2000362	家居与园艺 >> 浴室 >> 垫子
2000404	家居与园艺 >> 浴室 >> 阀门，配件和夹具
2000418	家居与园艺 >> 浴室 >> 防滑垫，地毯和马桶盖
2000462	家居与园艺 >> 浴室 >> 挂钩和衣架
2000591	家居与园艺 >> 浴室 >> 镜子
2000651	家居与园艺 >> 浴室 >> 冷/热水分配器
2000668	家居与园艺 >> 浴室 >> 淋浴窗帘
2000669	家居与园艺 >> 浴室 >> 淋浴房和门
2000670	家居与园艺 >> 浴室 >> 淋浴帘杆
2000671	家居与园艺 >> 浴室 >> 淋浴帘挂钩
2000672	家居与园艺 >> 浴室 >> 淋浴屏和按摩器
2000673	家居与园艺 >> 浴室 >> 淋浴头
2000677	家居与园艺 >> 浴室 >> 龙头
2000707	家居与园艺 >> 浴室 >> 马桶刷和套装
2000718	家居与园艺 >> 浴室 >> 毛巾和搓澡布
2000720	家居与园艺 >> 浴室 >> 毛巾架
2000734	家居与园艺 >> 浴室 >> 面盆
2000760	家居与园艺 >> 浴室 >> 沐浴球与收纳
2000854	家居与园艺 >> 浴室 >> 其他浴室用品
2000970	家居与园艺 >> 浴室 >> 食品秤
2001019	家居与园艺 >> 浴室 >> 漱口杯
2001025	家居与园艺 >> 浴室 >> 水泵
2001027	家居与园艺 >> 浴室 >> 水槽
2001030	家居与园艺 >> 浴室 >> 水过滤器
2001128	家居与园艺 >> 浴室 >> 卫生间座椅
2001129	家居与园艺 >> 浴室 >> 卫生纸巾盒和手纸架
2001203	家居与园艺 >> 浴室 >> 牙刷架
2001219	家居与园艺 >> 浴室 >> 药柜
2001320	家居与园艺 >> 浴室 >> 浴缸
2001323	家居与园艺 >> 浴室 >> 浴室架子
2001324	家居与园艺 >> 浴室 >> 浴室配件套装
2001325	家居与园艺 >> 浴室 >> 浴室收纳
2001377	家居与园艺 >> 浴室 >> 纸巾盒盖
2001466	家居与园艺 >> 浴室 >> 坐浴盆和马桶附件
2001518	家居与园艺 >> 浴室 >> 普通牙刷
2000160	家居与园艺 >> 庭院，花园和户外生活 >> 播种机和撒播机
2000172	家居与园艺 >> 庭院，花园和户外生活 >> 草坪割草机
2000173	家居与园艺 >> 庭院，花园和户外生活 >> 草坪滚轮
2000174	家居与园艺 >> 庭院，花园和户外生活 >> 草坪洒水器
2000181	家居与园艺 >> 庭院，花园和户外生活 >> 铲子
2000187	家居与园艺 >> 庭院，花园和户外生活 >> 超声波灭虫器
2000225	家居与园艺 >> 庭院，花园和户外生活 >> 池塘过滤设备
2000240	家居与园艺 >> 庭院，花园和户外生活 >> 除草机
2000244	家居与园艺 >> 庭院，花园和户外生活 >> 锄头和耕种者
2000247	家居与园艺 >> 庭院，花园和户外生活 >> 储水和雨桶
2000276	家居与园艺 >> 庭院，花园和户外生活 >> 吹雪机
2000316	家居与园艺 >> 庭院，花园和户外生活 >> 滴灌
2000366	家居与园艺 >> 庭院，花园和户外生活 >> 吊床
2000388	家居与园艺 >> 庭院，花园和户外生活 >> 堆肥加速器
2000403	家居与园艺 >> 庭院，花园和户外生活 >> 阀门
2000414	家居与园艺 >> 庭院，花园和户外生活 >> 防护网/网
2000421	家居与园艺 >> 庭院，花园和户外生活 >> 风铃
2000423	家居与园艺 >> 庭院，花园和户外生活 >> 风向标
2000439	家居与园艺 >> 庭院，花园和户外生活 >> 高压清洗机
2000440	家居与园艺 >> 庭院，花园和户外生活 >> 割草机零配件
2000489	家居与园艺 >> 庭院，花园和户外生活 >> 户外安防和泛光灯
2000491	家居与园艺 >> 庭院，花园和户外生活 >> 户外灯串
2000492	家居与园艺 >> 庭院，花园和户外生活 >> 户外动力设备
2000495	家居与园艺 >> 庭院，花园和户外生活 >> 户外墙和门廊灯
2000496	家居与园艺 >> 庭院，花园和户外生活 >> 户外清洁工
2000497	家居与园艺 >> 庭院，花园和户外生活 >> 户外照明
2000498	家居与园艺 >> 庭院，花园和户外生活 >> 户外装饰蜡烛灯笼
2000504	家居与园艺 >> 庭院，花园和户外生活 >> 花园垃圾袋
2000505	家居与园艺 >> 庭院，花园和户外生活 >> 花园垃圾箱
2000506	家居与园艺 >> 庭院，花园和户外生活 >> 花园喷雾器
2000507	家居与园艺 >> 庭院，花园和户外生活 >> 花园围栏
2000508	家居与园艺 >> 庭院，花园和户外生活 >> 花园膝盖，垫和座椅
2000509	家居与园艺 >> 庭院，花园和户外生活 >> 花园装饰
2000561	家居与园艺 >> 庭院，花园和户外生活 >> 浇水计时器和控制器
2000583	家居与园艺 >> 庭院，花园和户外生活 >> 景观和走道灯
2000603	家居与园艺 >> 庭院，花园和户外生活 >> 锯子
2000643	家居与园艺 >> 庭院，花园和户外生活 >> 栏杆
2000647	家居与园艺 >> 庭院，花园和户外生活 >> 篮子，盆和窗盒
2000801	家居与园艺 >> 庭院，花园和户外生活 >> 喷雾器
2000803	家居与园艺 >> 庭院，花园和户外生活 >> 棚架
2000841	家居与园艺 >> 庭院，花园和户外生活 >> 其他庭院用品
2000861	家居与园艺 >> 庭院，花园和户外生活 >> 旗
2000862	家居与园艺 >> 庭院，花园和户外生活 >> 旗杆和零件
2000930	家居与园艺 >> 庭院，花园和户外生活 >> 软管
2000931	家居与园艺 >> 庭院，花园和户外生活 >> 软管卷轴和存储
2000932	家居与园艺 >> 庭院，花园和户外生活 >> 软管喷嘴和魔杖
2000933	家居与园艺 >> 庭院，花园和户外生活 >> 软管指南
2000942	家居与园艺 >> 庭院，花园和户外生活 >> 伞架
2000956	家居与园艺 >> 庭院，花园和户外生活 >> 烧烤和烤架
2000957	家居与园艺 >> 庭院，花园和户外生活 >> 烧烤和烧烤更换零件
2000963	家居与园艺 >> 庭院，花园和户外生活 >> 生长灯零件和配件
2000983	家居与园艺 >> 庭院，花园和户外生活 >> 手持式泳池刷和网
2001021	家居与园艺 >> 庭院，花园和户外生活 >> 栓
2001026	家居与园艺 >> 庭院，花园和户外生活 >> 水泵和压力罐
2001032	家居与园艺 >> 庭院，花园和户外生活 >> 水培系统
2001077	家居与园艺 >> 庭院，花园和户外生活 >> 庭院和花园家具
2001184	家居与园艺 >> 庭院，花园和户外生活 >> 削片机，碎纸机
2001196	家居与园艺 >> 庭院，花园和户外生活 >> 修剪器
2001273	家居与园艺 >> 庭院，花园和户外生活 >> 泳池和水疗温度计
2001274	家居与园艺 >> 庭院，花园和户外生活 >> 泳池清洁工具
2001275	家居与园艺 >> 庭院，花园和户外生活 >> 泳池设备及零件
2001317	家居与园艺 >> 庭院，花园和户外生活 >> 雨量计
2001326	家居与园艺 >> 庭院，花园和户外生活 >> 园艺手套
2001327	家居与园艺 >> 庭院，花园和户外生活 >> 园艺靴子和鞋子
2001328	家居与园艺 >> 庭院，花园和户外生活 >> 园艺用品
2001352	家居与园艺 >> 庭院，花园和户外生活 >> 轧边机
2001353	家居与园艺 >> 庭院，花园和户外生活 >> 栅栏板
2001358	家居与园艺 >> 庭院，花园和户外生活 >> 帐篷，篷布和货架
2001373	家居与园艺 >> 庭院，花园和户外生活 >> 植物标签
2001374	家居与园艺 >> 庭院，花园和户外生活 >> 植物钩和衣架
2001375	家居与园艺 >> 庭院，花园和户外生活 >> 植物架
2001413	家居与园艺 >> 庭院，花园和户外生活 >> 种植灯泡
2001414	家居与园艺 >> 庭院，花园和户外生活 >> 种植轻镇流器
2000063	家居与园艺 >> 假日和季节装饰 >> 7月4日和夏天
2000171	家居与园艺 >> 假日和季节装饰 >> 餐桌装饰和餐具
2000185	家居与园艺 >> 假日和季节装饰 >> 长袜和衣架
2000261	家居与园艺 >> 假日和季节装饰 >> 窗户装饰
2000309	家居与园艺 >> 假日和季节装饰 >> 灯饰
2000430	家居与园艺 >> 假日和季节装饰 >> 复活节和春天
2000433	家居与园艺 >> 假日和季节装饰 >> 感恩节和秋天
2000488	家居与园艺 >> 假日和季节装饰 >> 胡桃夹子
2000503	家居与园艺 >> 假日和季节装饰 >> 花圈，花环和植物
2000526	家居与园艺 >> 假日和季节装饰 >> 婚礼用品
2000619	家居与园艺 >> 假日和季节装饰 >> 可收藏的雕像工艺品
2000642	家居与园艺 >> 假日和季节装饰 >> 蜡烛和蜡烛配件
2000792	家居与园艺 >> 假日和季节装饰 >> 派对用品
2000838	家居与园艺 >> 假日和季节装饰 >> 其他圣诞节和冬季装饰
2000858	家居与园艺 >> 假日和季节装饰 >> 其他装饰用品
2000901	家居与园艺 >> 假日和季节装饰 >> 墙饰
2000910	家居与园艺 >> 假日和季节装饰 >> 情人节
2000924	家居与园艺 >> 假日和季节装饰 >> 人造圣诞树
2000965	家居与园艺 >> 假日和季节装饰 >> 圣诞爆竹
2000966	家居与园艺 >> 假日和季节装饰 >> 圣诞节和冬天
2000967	家居与园艺 >> 假日和季节装饰 >> 圣帕特里克节
2001008	家居与园艺 >> 假日和季节装饰 >> 首饰
2001014	家居与园艺 >> 假日和季节装饰 >> 树架，树裙和饰品
2001119	家居与园艺 >> 假日和季节装饰 >> 万圣节
2001199	家居与园艺 >> 假日和季节装饰 >> 雪地球仪
2001205	家居与园艺 >> 假日和季节装饰 >> 亚麻布和枕头
2001220	家居与园艺 >> 假日和季节装饰 >> 耶稣降生物品
2000065	家居与园艺 >> 家具 >> CD和视频机架
2000109	家居与园艺 >> 家具 >> 办公桌和家庭办公家具
2000168	家居与园艺 >> 家具 >> 餐具柜
2000170	家居与园艺 >> 家具 >> 餐台
2000182	家居与园艺 >> 家具 >> 长凳和凳子
2000222	家居与园艺 >> 家具 >> 陈列柜和橱柜
2000231	家居与园艺 >> 家具 >> 充气床垫，气垫
2000249	家居与园艺 >> 家具 >> 储物箱
2000267	家居与园艺 >> 家具 >> 床和床垫
2000268	家居与园艺 >> 家具 >> 床和床架
2000272	家居与园艺 >> 家具 >> 床头板和踏板
2000273	家居与园艺 >> 家具 >> 床头柜
2000281	家居与园艺 >> 家具 >> 存储甲板箱
2000347	家居与园艺 >> 家具 >> 电视架
2000365	家居与园艺 >> 家具 >> 吊床
2000494	家居与园艺 >> 家具 >> 户外家具套
2000517	家居与园艺 >> 家具 >> 化妆凳和化妆桌
2000531	家居与园艺 >> 家具 >> 货架
2000552	家居与园艺 >> 家具 >> 家具零配件
2000554	家居与园艺 >> 家具 >> 家具推车和脚轮
2000571	家居与园艺 >> 家具 >> 脚垫，脚凳和坐垫凳
2000592	家居与园艺 >> 家具 >> 酒吧凳
2000593	家居与园艺 >> 家具 >> 酒吧推车和服务推车
2000648	家居与园艺 >> 家具 >> 懒人沙发豆袋和充气座椅
2000680	家居与园艺 >> 家具 >> 露台加热器
2000812	家居与园艺 >> 家具 >> 屏幕和房间隔板
2000829	家居与园艺 >> 家具 >> 其他家居家具
2000840	家居与园艺 >> 家具 >> 其他庭院和花园家具
2000946	家居与园艺 >> 家具 >> 沙发床，床架和床罩
2000947	家居与园艺 >> 家具 >> 沙发和躺椅
2000948	家居与园艺 >> 家具 >> 沙发套
2001010	家居与园艺 >> 家具 >> 书柜
2001012	家居与园艺 >> 家具 >> 梳妆台和抽屉柜
2001028	家居与园艺 >> 家具 >> 水床和水床配件
2001076	家居与园艺 >> 家具 >> 庭院和花园家具
2001078	家居与园艺 >> 家具 >> 庭院和花园家具套装
2001079	家居与园艺 >> 家具 >> 庭院和花园桌
2001081	家居与园艺 >> 家具 >> 庭院家具靠垫和垫
2001082	家居与园艺 >> 家具 >> 庭院椅，秋千和长凳
2001114	家居与园艺 >> 家具 >> 玩具盒
2001116	家居与园艺 >> 家具 >> 玩桌椅
2001137	家居与园艺 >> 家具 >> 卧室家具
2001138	家居与园艺 >> 家具 >> 卧室套装
2001231	家居与园艺 >> 家具 >> 衣橱和衣柜
2001236	家居与园艺 >> 家具 >> 椅子
2001431	家居与园艺 >> 家具 >> 桌子
2000103	家居与园艺 >> 家居装饰 >> 板架和架子
2000143	家居与园艺 >> 家居装饰 >> 闭门器
2000146	家居与园艺 >> 家居装饰 >> 壁架
2000147	家居与园艺 >> 家居装饰 >> 壁炉和火炉
2000148	家居与园艺 >> 家居装饰 >> 壁纸壁画
2000149	家居与园艺 >> 家居装饰 >> 壁纸边框
2000151	家居与园艺 >> 家居装饰 >> 壁纸工具及配件
2000229	家居与园艺 >> 家居装饰 >> 充电器和逆变器
2000238	家居与园艺 >> 家居装饰 >> 抽屉滑轨
2000241	家居与园艺 >> 家居装饰 >> 除湿机
2000246	家居与园艺 >> 家居装饰 >> 橱柜旋钮和拉手
2000262	家居与园艺 >> 家居装饰 >> 窗帘
2000264	家居与园艺 >> 家居装饰 >> 窗纱
2000280	家居与园艺 >> 家居装饰 >> 催化香薰灯
2000302	家居与园艺 >> 家居装饰 >> 挡风雨条、门边软条
2000361	家居与园艺 >> 家居装饰 >> 垫圈
2000364	家居与园艺 >> 家居装饰 >> 雕塑
2000463	家居与园艺 >> 家居装饰 >> 挂墙袋
2000464	家居与园艺 >> 家居装饰 >> 挂毯
2000472	家居与园艺 >> 家居装饰 >> 海报和印刷品
2000476	家居与园艺 >> 家居装饰 >> 盒子，罐子和罐头
2000501	家居与园艺 >> 家居装饰 >> 花卉装饰
2000502	家居与园艺 >> 家居装饰 >> 花瓶
2000543	家居与园艺 >> 家居装饰 >> 计时器
2000547	家居与园艺 >> 家居装饰 >> 加湿器
2000581	家居与园艺 >> 家居装饰 >> 精油和扩散剂
2000589	家居与园艺 >> 家居装饰 >> 镜子
2000611	家居与园艺 >> 家居装饰 >> 开关和插座
2000621	家居与园艺 >> 家居装饰 >> 空调和加热器
2000624	家居与园艺 >> 家居装饰 >> 空气净化器
2000634	家居与园艺 >> 家居装饰 >> 框架
2000641	家居与园艺 >> 家居装饰 >> 蜡烛
2000646	家居与园艺 >> 家居装饰 >> 篮子
2000688	家居与园艺 >> 家居装饰 >> 炉子和中央供暖系统
2000704	家居与园艺 >> 家居装饰 >> 螺丝和螺栓
2000725	家居与园艺 >> 家居装饰 >> 门把手和杠杆
2000726	家居与园艺 >> 家居装饰 >> 门铰链
2000727	家居与园艺 >> 家居装饰 >> 门铃
2000729	家居与园艺 >> 家居装饰 >> 门锁和锁机制
2000782	家居与园艺 >> 家居装饰 >> 排插
2000784	家居与园艺 >> 家居装饰 >> 排气扇和通风设备
2000806	家居与园艺 >> 家居装饰 >> 拼贴艺术品
2000820	家居与园艺 >> 家居装饰 >> 瓶子
2000831	家居与园艺 >> 家居装饰 >> 其他家居装修
2000842	家居与园艺 >> 家居装饰 >> 其他烟雾和气体探测器
2000897	家居与园艺 >> 家居装饰 >> 墙壁雕塑
2000900	家居与园艺 >> 家居装饰 >> 墙画
2000969	家居与园艺 >> 家居装饰 >> 时钟
2000978	家居与园艺 >> 家居装饰 >> 室内空气过滤器和风扇
2000979	家居与园艺 >> 家居装饰 >> 室内喷泉
2001011	家居与园艺 >> 家居装饰 >> 书夹
2001053	家居与园艺 >> 家居装饰 >> 太阳能板
2001055	家居与园艺 >> 家居装饰 >> 太阳能水泵
2001070	家居与园艺 >> 家居装饰 >> 贴花，贴纸和乙烯基贴纸
2001134	家居与园艺 >> 家居装饰 >> 温控器
2001165	家居与园艺 >> 家居装饰 >> 显示画架
2001178	家居与园艺 >> 家居装饰 >> 相框
2001179	家居与园艺 >> 家居装饰 >> 香
2001180	家居与园艺 >> 家居装饰 >> 香炉
2001206	家居与园艺 >> 家居装饰 >> 烟雾探测器
2001230	家居与园艺 >> 家居装饰 >> 一氧化碳探测器
2001369	家居与园艺 >> 家居装饰 >> 蒸发冷却器
2001384	家居与园艺 >> 家居装饰 >> 智能插座插孔板
2001385	家居与园艺 >> 家居装饰 >> 智能插座和墙壁开关
2001386	家居与园艺 >> 家居装饰 >> 智能插座配件
2001387	家居与园艺 >> 家居装饰 >> 智能车库门开启器
2001388	家居与园艺 >> 家居装饰 >> 智能车库门开启器零配件
2001393	家居与园艺 >> 家居装饰 >> 智能门铃
2001394	家居与园艺 >> 家居装饰 >> 智能门铃零配件
2001395	家居与园艺 >> 家居装饰 >> 智能门锁
2001396	家居与园艺 >> 家居装饰 >> 智能门锁零配件
2001397	家居与园艺 >> 家居装饰 >> 智能墙壁开关和直插式模块
2001398	家居与园艺 >> 家居装饰 >> 智能墙壁开关零件和配件
2001416	家居与园艺 >> 家居装饰 >> 烛台及配件
2001425	家居与园艺 >> 家居装饰 >> 装饰门牌和标志
2001426	家居与园艺 >> 家居装饰 >> 装饰盘子和碗
2001428	家居与园艺 >> 家居装饰 >> 装饰水果和蔬菜
2000245	家居与园艺 >> 家居用品 >> 橱柜收纳
2000248	家居与园艺 >> 家居用品 >> 储物盒
2000250	家居与园艺 >> 家居用品 >> 储物箱和篮子
2000320	家居与园艺 >> 家居用品 >> 地毯和地板扫地机
2000426	家居与园艺 >> 家居用品 >> 服装架
2000461	家居与园艺 >> 家居用品 >> 挂钩和衣架
2000622	家居与园艺 >> 家居用品 >> 空间收纳包
2000638	家居与园艺 >> 家居用品 >> 垃圾桶和废纸篓
2000830	家居与园艺 >> 家居用品 >> 其他家居用品
2000981	家居与园艺 >> 家居用品 >> 收纳袋
2001058	家居与园艺 >> 家居用品 >> 烫衣板盖
2001096	家居与园艺 >> 家居用品 >> 拖把和扫帚
2001109	家居与园艺 >> 家居用品 >> 外套和帽架
2001152	家居与园艺 >> 家居用品 >> 吸尘器袋
2001160	家居与园艺 >> 家居用品 >> 洗衣袋
2001191	家居与园艺 >> 家居用品 >> 鞋子收纳
2001344	家居与园艺 >> 家居用品 >> 熨衣板
2001345	家居与园艺 >> 家居用品 >> 杂志架
2001365	家居与园艺 >> 家居用品 >> 真空零配件
2001366	家居与园艺 >> 家居用品 >> 真空吸尘器
2000112	家居与园艺 >> 贺卡和派对用品 >> 包装填充屑纸
2000113	家居与园艺 >> 贺卡和派对用品 >> 包装纸
2000299	家居与园艺 >> 贺卡和派对用品 >> 蛋糕礼帽
2000478	家居与园艺 >> 贺卡和派对用品 >> 贺卡和邀请
2000479	家居与园艺 >> 贺卡和派对用品 >> 横幅，彩旗和花环
2000524	家居与园艺 >> 贺卡和派对用品 >> 徽章和别针
2000640	家居与园艺 >> 贺卡和派对用品 >> 蜡烛
2000654	家居与园艺 >> 贺卡和派对用品 >> 礼品包装用品
2000655	家居与园艺 >> 贺卡和派对用品 >> 礼品标签和贴纸
2000656	家居与园艺 >> 贺卡和派对用品 >> 礼品袋
2000657	家居与园艺 >> 贺卡和派对用品 >> 礼品盒
2000658	家居与园艺 >> 贺卡和派对用品 >> 礼品篮及用品
2000675	家居与园艺 >> 贺卡和派对用品 >> 留言簿
2000788	家居与园艺 >> 贺卡和派对用品 >> 派对包
2000789	家居与园艺 >> 贺卡和派对用品 >> 派对餐具
2000790	家居与园艺 >> 贺卡和派对用品 >> 派对服装
2000791	家居与园艺 >> 贺卡和派对用品 >> 派对用品
2000793	家居与园艺 >> 贺卡和派对用品 >> 派对装饰
2000836	家居与园艺 >> 贺卡和派对用品 >> 其他派对用品
2000868	家居与园艺 >> 贺卡和派对用品 >> 气球
2001042	家居与园艺 >> 贺卡和派对用品 >> 丝带和蝴蝶结
2001113	家居与园艺 >> 贺卡和派对用品 >> 完整的派对套装和套件
2000097	家居与园艺 >> 工具和车间设备 >> 安全和防护装备
2000101	家居与园艺 >> 工具和车间设备 >> 扳手
2000102	家居与园艺 >> 工具和车间设备 >> 扳手套装
2000156	家居与园艺 >> 工具和车间设备 >> 表锯
2000177	家居与园艺 >> 工具和车间设备 >> 测量和布局工具
2000193	家居与园艺 >> 工具和车间设备 >> 车床及配件
2000224	家居与园艺 >> 工具和车间设备 >> 秤
2000233	家居与园艺 >> 工具和车间设备 >> 冲击扳手
2000278	家居与园艺 >> 工具和车间设备 >> 锤子和槌子
2000279	家居与园艺 >> 工具和车间设备 >> 瓷砖锯
2000292	家居与园艺 >> 工具和车间设备 >> 带锯
2000305	家居与园艺 >> 工具和车间设备 >> 刀和刀片
2000331	家居与园艺 >> 工具和车间设备 >> 电池和充电器
2000335	家居与园艺 >> 工具和车间设备 >> 电动工具
2000336	家居与园艺 >> 工具和车间设备 >> 电动工具套装
2000345	家居与园艺 >> 工具和车间设备 >> 电气测试仪
2000381	家居与园艺 >> 工具和车间设备 >> 钉枪和钉枪
2000382	家居与园艺 >> 工具和车间设备 >> 钉枪和钉枪
2000391	家居与园艺 >> 工具和车间设备 >> 多用工具
2000420	家居与园艺 >> 工具和车间设备 >> 粉笔线和标记工具
2000432	家居与园艺 >> 工具和车间设备 >> 干湿吸尘器
2000435	家居与园艺 >> 工具和车间设备 >> 钢丝刷
2000443	家居与园艺 >> 工具和车间设备 >> 工具袋，腰带和小袋
2000444	家居与园艺 >> 工具和车间设备 >> 工具柜和橱柜
2000445	家居与园艺 >> 工具和车间设备 >> 工具箱
2000447	家居与园艺 >> 工具和车间设备 >> 工具箱和存储
2000466	家居与园艺 >> 工具和车间设备 >> 管钳
2000473	家居与园艺 >> 工具和车间设备 >> 焊接和焊接工具
2000520	家居与园艺 >> 工具和车间设备 >> 缓冲和抛光
2000537	家居与园艺 >> 工具和车间设备 >> 激光测量工具
2000539	家居与园艺 >> 工具和车间设备 >> 棘轮扳手
2000549	家居与园艺 >> 工具和车间设备 >> 夹具和滚动锯
2000550	家居与园艺 >> 工具和车间设备 >> 夹具和模板
2000551	家居与园艺 >> 工具和车间设备 >> 夹子和钳子
2000553	家居与园艺 >> 工具和车间设备 >> 家具推车和脚轮
2000562	家居与园艺 >> 工具和车间设备 >> 胶枪和热胶棒
2000566	家居与园艺 >> 工具和车间设备 >> 绞车
2000600	家居与园艺 >> 工具和车间设备 >> 锯和配件
2000601	家居与园艺 >> 工具和车间设备 >> 锯片
2000602	家居与园艺 >> 工具和车间设备 >> 锯子
2000604	家居与园艺 >> 工具和车间设备 >> 卷尺和标尺
2000618	家居与园艺 >> 工具和车间设备 >> 可调扳手
2000626	家居与园艺 >> 工具和车间设备 >> 空气压缩机
2000674	家居与园艺 >> 工具和车间设备 >> 零配件
2000676	家居与园艺 >> 工具和车间设备 >> 六角扳手和扳手
2000702	家居与园艺 >> 工具和车间设备 >> 螺丝刀
2000703	家居与园艺 >> 工具和车间设备 >> 螺丝刀和螺母刀
2000736	家居与园艺 >> 工具和车间设备 >> 面罩，呼吸器和头盔
2000755	家居与园艺 >> 工具和车间设备 >> 磨床车轮及配件
2000779	家居与园艺 >> 工具和车间设备 >> 扭力扳手
2000795	家居与园艺 >> 工具和车间设备 >> 刨子
2000800	家居与园艺 >> 工具和车间设备 >> 喷砂机
2000824	家居与园艺 >> 工具和车间设备 >> 其他测量和布局工具
2000828	家居与园艺 >> 工具和车间设备 >> 其他工具用品
2000864	家居与园艺 >> 工具和车间设备 >> 气动工具
2000865	家居与园艺 >> 工具和车间设备 >> 气动工具套装
2000898	家居与园艺 >> 工具和车间设备 >> 墙壁工具架
2000904	家居与园艺 >> 工具和车间设备 >> 撬杆和破坏杆
2000906	家居与园艺 >> 工具和车间设备 >> 切割工具
2000923	家居与园艺 >> 工具和车间设备 >> 热枪
2000953	家居与园艺 >> 工具和车间设备 >> 砂纸
2000985	家居与园艺 >> 工具和车间设备 >> 手电筒和工作灯
2000986	家居与园艺 >> 工具和车间设备 >> 手动工具
2000989	家居与园艺 >> 工具和车间设备 >> 手工具套装
2001003	家居与园艺 >> 工具和车间设备 >> 手套和垫子
2001031	家居与园艺 >> 工具和车间设备 >> 水龙头和模具
2001033	家居与园艺 >> 工具和车间设备 >> 水平线
2001060	家居与园艺 >> 工具和车间设备 >> 套筒扳手
2001064	家居与园艺 >> 工具和车间设备 >> 梯子
2001068	家居与园艺 >> 工具和车间设备 >> 填缝和密封胶枪
2001132	家居与园艺 >> 工具和车间设备 >> 温度计
2001143	家居与园艺 >> 工具和车间设备 >> 无绳电钻
2001161	家居与园艺 >> 工具和车间设备 >> 铣刨机
2001186	家居与园艺 >> 工具和车间设备 >> 小铲子
2001189	家居与园艺 >> 工具和车间设备 >> 斜切锯
2001209	家居与园艺 >> 工具和车间设备 >> 眼镜，护目镜和盾牌
2001232	家居与园艺 >> 工具和车间设备 >> 仪表，传感器和探头
2001280	家居与园艺 >> 工具和车间设备 >> 油灰刀和刮刀
2001283	家居与园艺 >> 工具和车间设备 >> 油漆喷雾器
2001286	家居与园艺 >> 工具和车间设备 >> 游标卡尺
2001329	家居与园艺 >> 工具和车间设备 >> 圆锯
2001347	家居与园艺 >> 工具和车间设备 >> 凿子
2001463	家居与园艺 >> 工具和车间设备 >> 钻床
2001464	家居与园艺 >> 工具和车间设备 >> 钻头
2000144	家居与园艺 >> 灯具,照明和吊扇 >> 壁灯
2000259	家居与园艺 >> 灯具,照明和吊扇 >> 串灯，童话灯
2000312	家居与园艺 >> 灯具,照明和吊扇 >> 灯罩
2000334	家居与园艺 >> 灯具,照明和吊扇 >> 电灯泡
2000367	家居与园艺 >> 灯具,照明和吊扇 >> 吊扇
2000518	家居与园艺 >> 灯具,照明和吊扇 >> 画装饰灯
2000546	家居与园艺 >> 灯具,照明和吊扇 >> 季节性和装饰性
2000855	家居与园艺 >> 灯具,照明和吊扇 >> 其他照明
2000899	家居与园艺 >> 灯具,照明和吊扇 >> 墙壁装置
2001009	家居与园艺 >> 灯具,照明和吊扇 >> 书灯
2001052	家居与园艺 >> 灯具,照明和吊扇 >> 台灯
2001054	家居与园艺 >> 灯具,照明和吊扇 >> 太阳能灯具
2001080	家居与园艺 >> 灯具,照明和吊扇 >> 庭院户外灯
2001224	家居与园艺 >> 灯具,照明和吊扇 >> 夜灯
2001372	家居与园艺 >> 灯具,照明和吊扇 >> 枝形吊灯和天花板固定装置
2001389	家居与园艺 >> 灯具,照明和吊扇 >> 智能灯具
2001390	家居与园艺 >> 灯具,照明和吊扇 >> 智能灯泡
2001391	家居与园艺 >> 灯具,照明和吊扇 >> 智能灯条
2001406	家居与园艺 >> 灯具,照明和吊扇 >> 智能照明
2001407	家居与园艺 >> 灯具,照明和吊扇 >> 智能照明零配件
2001408	家居与园艺 >> 灯具,照明和吊扇 >> 智能照明套件和集线器
2000124	家居与园艺 >> 床上用品 >> 被子
2000265	家居与园艺 >> 床上用品 >> 床单,枕套和枕芯
2000266	家居与园艺 >> 床上用品 >> 床垫垫和羽毛床
2000270	家居与园艺 >> 床上用品 >> 床裙
2000271	家居与园艺 >> 床上用品 >> 床上用品套装
2000274	家居与园艺 >> 床上用品 >> 床罩和蚊帐
2000275	家居与园艺 >> 床上用品 >> 床枕头
2000731	家居与园艺 >> 床上用品 >> 棉被，床罩和床罩
2000732	家居与园艺 >> 床上用品 >> 棉被和套装
2000826	家居与园艺 >> 床上用品 >> 其他床上用品
2001034	家居与园艺 >> 床上用品 >> 睡袋
2001056	家居与园艺 >> 床上用品 >> 毯子和盖毯
2001315	家居与园艺 >> 床上用品 >> 羽绒被套和套装
2001367	家居与园艺 >> 床上用品 >> 枕头沙姆
2001424	家居与园艺 >> 床上用品 >> 装饰靠垫
2000120	家居与园艺 >> 厨房，餐厅和酒吧 >> 杯垫
2000157	家居与园艺 >> 厨房，餐厅和酒吧 >> 冰块托盘和模具
2000158	家居与园艺 >> 厨房，餐厅和酒吧 >> 冰桶和葡萄酒冷却器
2000159	家居与园艺 >> 厨房，餐厅和酒吧 >> 冰箱磁铁
2000164	家居与园艺 >> 厨房，餐厅和酒吧 >> 餐垫
2000165	家居与园艺 >> 厨房，餐厅和酒吧 >> 餐巾
2000167	家居与园艺 >> 厨房，餐厅和酒吧 >> 餐具，刀具和餐具
2000169	家居与园艺 >> 厨房，餐厅和酒吧 >> 餐具和餐具
2000176	家居与园艺 >> 厨房，餐厅和酒吧 >> 测量工具和秤
2000180	家居与园艺 >> 厨房，餐厅和酒吧 >> 茶壶
2000242	家居与园艺 >> 厨房，餐厅和酒吧 >> 厨房秤
2000243	家居与园艺 >> 厨房，餐厅和酒吧 >> 厨房整理收纳
2000289	家居与园艺 >> 厨房，餐厅和酒吧 >> 大蒜压榨机
2000471	家居与园艺 >> 厨房，餐厅和酒吧 >> 过滤咖啡机
2000480	家居与园艺 >> 厨房，餐厅和酒吧 >> 烘焙工具及配件
2000481	家居与园艺 >> 厨房，餐厅和酒吧 >> 烘焙套装
2000542	家居与园艺 >> 厨房，餐厅和酒吧 >> 计时器
2000567	家居与园艺 >> 厨房，餐厅和酒吧 >> 绞肉机
2000575	家居与园艺 >> 厨房，餐厅和酒吧 >> 搅拌机
2000584	家居与园艺 >> 厨房，餐厅和酒吧 >> 净水器
2000594	家居与园艺 >> 厨房，餐厅和酒吧 >> 酒杯架
2000595	家居与园艺 >> 厨房，餐厅和酒吧 >> 酒袋，盒子和载体
2000596	家居与园艺 >> 厨房，餐厅和酒吧 >> 酒架及酒柜
2000597	家居与园艺 >> 厨房，餐厅和酒吧 >> 酒具
2000605	家居与园艺 >> 厨房，餐厅和酒吧 >> 咖啡，茶和浓缩咖啡壶
2000606	家居与园艺 >> 厨房，餐厅和酒吧 >> 咖啡研磨机
2000607	家居与园艺 >> 厨房，餐厅和酒吧 >> 咖啡制作配件
2000612	家居与园艺 >> 厨房，餐厅和酒吧 >> 开罐器和破碎机
2000613	家居与园艺 >> 厨房，餐厅和酒吧 >> 开瓶器和开瓶器
2000614	家居与园艺 >> 厨房，餐厅和酒吧 >> 烤架和烤架
2000615	家居与园艺 >> 厨房，餐厅和酒吧 >> 烤面包机烤箱
2000616	家居与园艺 >> 厨房，餐厅和酒吧 >> 烤盘
2000617	家居与园艺 >> 厨房，餐厅和酒吧 >> 烤箱手套和隔热垫
2000667	家居与园艺 >> 厨房，餐厅和酒吧 >> 量杯和勺子
2000678	家居与园艺 >> 厨房，餐厅和酒吧 >> 漏斗
2000679	家居与园艺 >> 厨房，餐厅和酒吧 >> 漏勺，过滤器和筛子
2000719	家居与园艺 >> 厨房，餐厅和酒吧 >> 毛巾和抹布
2000733	家居与园艺 >> 厨房，餐厅和酒吧 >> 面包机
2000735	家居与园艺 >> 厨房，餐厅和酒吧 >> 面食模具和压力机
2000802	家居与园艺 >> 厨房，餐厅和酒吧 >> 烹饪温度计
2000817	家居与园艺 >> 厨房，餐厅和酒吧 >> 瓶塞和软木塞
2000825	家居与园艺 >> 厨房，餐厅和酒吧 >> 其他厨房用品
2000905	家居与园艺 >> 厨房，餐厅和酒吧 >> 切菜板
2000907	家居与园艺 >> 厨房，餐厅和酒吧 >> 切片机
2000918	家居与园艺 >> 厨房，餐厅和酒吧 >> 燃烧器和热板
2000971	家居与园艺 >> 厨房，餐厅和酒吧 >> 食品研磨机和马铃薯捣碎机
2000972	家居与园艺 >> 厨房，餐厅和酒吧 >> 食物储存及储物套装
2001095	家居与园艺 >> 厨房，餐厅和酒吧 >> 托盘
2001126	家居与园艺 >> 厨房，餐厅和酒吧 >> 围裙
2001150	家居与园艺 >> 厨房，餐厅和酒吧 >> 午餐包
2001153	家居与园艺 >> 厨房，餐厅和酒吧 >> 吸管
2001183	家居与园艺 >> 厨房，餐厅和酒吧 >> 削皮器
2001208	家居与园艺 >> 厨房，餐厅和酒吧 >> 盐和胡椒粉工具
2001279	家居与园艺 >> 厨房，餐厅和酒吧 >> 油壶和分配器
2001354	家居与园艺 >> 厨房，餐厅和酒吧 >> 榨汁机
2001364	家居与园艺 >> 厨房，餐厅和酒吧 >> 真空封口机
2001379	家居与园艺 >> 厨房，餐厅和酒吧 >> 制冰机
2001429	家居与园艺 >> 厨房，餐厅和酒吧 >> 桌布
2001520	家居与园艺 >> 厨房，餐厅和酒吧 >> 保温杯
2000714	家居与园艺 >> 宠物用品 >> 猫喂食和喝水用品
2001125	家居与园艺 >> 宠物用品 >> 围栏
2001611	家居与园艺 >> 宠物用品 >> 马相关配件
2001612	家居与园艺 >> 宠物用品 >> 爬行动物和两栖类动物用品
2001606	家居与园艺 >> 宠物用品 >> 鸟 >> 鸟笼子
2001607	家居与园艺 >> 宠物用品 >> 鸟 >> 鸟玩具
2001608	家居与园艺 >> 宠物用品 >> 鸟 >> 鸟包包
2001609	家居与园艺 >> 宠物用品 >> 鸟 >> 鸟喂食和喝水用品
2001610	家居与园艺 >> 宠物用品 >> 鸟 >> 鸟食物
2001591	家居与园艺 >> 宠物用品 >> 鱼类与水生生物 >> 鱼缸清洁设备
2001592	家居与园艺 >> 宠物用品 >> 鱼类与水生生物 >> 鱼缸装饰
2001593	家居与园艺 >> 宠物用品 >> 鱼类与水生生物 >> 鱼缸加热器和冷却器
2001594	家居与园艺 >> 宠物用品 >> 鱼类与水生生物 >> 鱼缸罩子
2001595	家居与园艺 >> 宠物用品 >> 鱼类与水生生物 >> 鱼缸比重计
2001596	家居与园艺 >> 宠物用品 >> 鱼类与水生生物 >> 鱼缸灯
2001597	家居与园艺 >> 宠物用品 >> 鱼类与水生生物 >> 鱼缸泵和过滤器
2001598	家居与园艺 >> 宠物用品 >> 鱼类与水生生物 >> 鱼缸支架
2001599	家居与园艺 >> 宠物用品 >> 鱼类与水生生物 >> 鱼缸基质
2001600	家居与园艺 >> 宠物用品 >> 鱼类与水生生物 >> 鱼缸测试套件
2001601	家居与园艺 >> 宠物用品 >> 鱼类与水生生物 >> 鱼缸温度计
2001602	家居与园艺 >> 宠物用品 >> 鱼类与水生生物 >> 鱼缸
2001603	家居与园艺 >> 宠物用品 >> 鱼类与水生生物 >> 鱼喂食器
2001604	家居与园艺 >> 宠物用品 >> 鱼类与水生生物 >> 鱼食
2001569	家居与园艺 >> 宠物用品 >> 猫 >> 猫喂食和喝水用品
2001573	家居与园艺 >> 宠物用品 >> 猫 >> 猫粮
2001577	家居与园艺 >> 宠物用品 >> 猫 >> 猫零食
2001578	家居与园艺 >> 宠物用品 >> 猫 >> 猫衣服
2001579	家居与园艺 >> 宠物用品 >> 猫 >> 猫玩具
2001580	家居与园艺 >> 宠物用品 >> 猫 >> 猫项圈
2001581	家居与园艺 >> 宠物用品 >> 猫 >> 猫背带
2001582	家居与园艺 >> 宠物用品 >> 猫 >> 猫牵引绳
2001583	家居与园艺 >> 宠物用品 >> 猫 >> 猫包包
2001584	家居与园艺 >> 宠物用品 >> 猫 >> 猫门
2001585	家居与园艺 >> 宠物用品 >> 猫 >> 猫网
2001586	家居与园艺 >> 宠物用品 >> 猫 >> 猫围栏
2001588	家居与园艺 >> 宠物用品 >> 猫 >> 猫美容用品
2001589	家居与园艺 >> 宠物用品 >> 猫 >> 猫健康护理用品
2001555	家居与园艺 >> 宠物用品 >> 狗 >> 狗粮
2001556	家居与园艺 >> 宠物用品 >> 狗 >> 狗零食
2001557	家居与园艺 >> 宠物用品 >> 狗 >> 狗衣服与配饰
2001558	家居与园艺 >> 宠物用品 >> 狗 >> 狗床与狗家具
2001559	家居与园艺 >> 宠物用品 >> 狗 >> 狗托架
2001560	家居与园艺 >> 宠物用品 >> 狗 >> 狗项圈
2001561	家居与园艺 >> 宠物用品 >> 狗 >> 狗背带
2001562	家居与园艺 >> 宠物用品 >> 狗 >> 狗牵引绳
2001563	家居与园艺 >> 宠物用品 >> 狗 >> 狗口套
2001564	家居与园艺 >> 宠物用品 >> 狗 >> 狗定位跟踪器
2001565	家居与园艺 >> 宠物用品 >> 狗 >> 狗笼子
2001566	家居与园艺 >> 宠物用品 >> 狗 >> 狗屋
2001567	家居与园艺 >> 宠物用品 >> 狗 >> 狗门
2001568	家居与园艺 >> 宠物用品 >> 狗 >> 狗围栏
2001570	家居与园艺 >> 宠物用品 >> 狗 >> 狗喂食和喝水用品
2001571	家居与园艺 >> 宠物用品 >> 狗 >> 狗美容用品
2001574	家居与园艺 >> 宠物用品 >> 狗 >> 狗健康护理用品
2001575	家居与园艺 >> 宠物用品 >> 狗 >> 狗玩具
2001576	家居与园艺 >> 宠物用品 >> 狗 >> 训狗器
2001548	户外娱乐与运动 >> 其它户外用品
2002421	户外娱乐与运动 >> 健身训练 >> 综合训练器
2002422	户外娱乐与运动 >> 健身训练 >> 划船机
2002423	户外娱乐与运动 >> 健身训练 >> 椭圆机
2002424	户外娱乐与运动 >> 健身训练 >> 倒立机
2002425	户外娱乐与运动 >> 健身训练 >> 哑铃
2002426	户外娱乐与运动 >> 健身训练 >> 拉力器/臂力器跳绳
2002427	户外娱乐与运动 >> 健身训练 >> 健腹轮
2002428	户外娱乐与运动 >> 健身训练 >> 动感单车
2002429	户外娱乐与运动 >> 健身训练 >> 健身车
2002430	户外娱乐与运动 >> 健身训练 >> 单双杠/引体向上
2002403	户外娱乐与运动 >> 马术/民俗运动 >> 马术头盔
2002404	户外娱乐与运动 >> 马术/民俗运动 >> 马术服装
2002405	户外娱乐与运动 >> 马术/民俗运动 >> 马术靴
2002406	户外娱乐与运动 >> 马术/民俗运动 >> 马术鞭
2002407	户外娱乐与运动 >> 马术/民俗运动 >> 马术护腿
2002408	户外娱乐与运动 >> 马术/民俗运动 >> 马匹装备
2002409	户外娱乐与运动 >> 马术/民俗运动 >> 马房装备
2002410	户外娱乐与运动 >> 马术/民俗运动 >> 马鞍
2002411	户外娱乐与运动 >> 马术/民俗运动 >> 其他马术装备
2002412	户外娱乐与运动 >> 马术/民俗运动 >> 舞狮
2002413	户外娱乐与运动 >> 马术/民俗运动 >> 空竹
2002414	户外娱乐与运动 >> 马术/民俗运动 >> 毽子
2002415	户外娱乐与运动 >> 马术/民俗运动 >> 响鞭
2002416	户外娱乐与运动 >> 马术/民俗运动 >> 拔河绳
2002417	户外娱乐与运动 >> 马术/民俗运动 >> 门球
2002418	户外娱乐与运动 >> 马术/民俗运动 >> 龙舟服
2002419	户外娱乐与运动 >> 马术/民俗运动 >> 其他民俗用品
2002363	户外娱乐与运动 >> 瑜伽舞蹈 >> 舞蹈扇
2002364	户外娱乐与运动 >> 瑜伽舞蹈 >> 瑜伽服套装
2002365	户外娱乐与运动 >> 瑜伽舞蹈 >> 瑜伽服内衣
2002366	户外娱乐与运动 >> 瑜伽舞蹈 >> 瑜伽服上衣
2002367	户外娱乐与运动 >> 瑜伽舞蹈 >> 瑜伽服裤
2002368	户外娱乐与运动 >> 瑜伽舞蹈 >> 瑜伽服外套
2002369	户外娱乐与运动 >> 瑜伽舞蹈 >> 瑜伽短裤
2002370	户外娱乐与运动 >> 瑜伽舞蹈 >> 瑜伽袜
2002371	户外娱乐与运动 >> 瑜伽舞蹈 >> 瑜伽发带
2002372	户外娱乐与运动 >> 瑜伽舞蹈 >> 广场舞服
2002373	户外娱乐与运动 >> 瑜伽舞蹈 >> 拉丁舞服
2002374	户外娱乐与运动 >> 瑜伽舞蹈 >> 芭蕾舞服
2002375	户外娱乐与运动 >> 瑜伽舞蹈 >> 现代舞服
2002376	户外娱乐与运动 >> 瑜伽舞蹈 >> 肚皮舞服
2002377	户外娱乐与运动 >> 瑜伽舞蹈 >> 其他舞蹈服
2002378	户外娱乐与运动 >> 瑜伽舞蹈 >> 广场舞鞋
2002379	户外娱乐与运动 >> 瑜伽舞蹈 >> 拉丁舞鞋
2002380	户外娱乐与运动 >> 瑜伽舞蹈 >> 芭蕾舞鞋
2002381	户外娱乐与运动 >> 瑜伽舞蹈 >> 健美操鞋
2002382	户外娱乐与运动 >> 瑜伽舞蹈 >> 肚皮舞鞋
2002383	户外娱乐与运动 >> 瑜伽舞蹈 >> 其他舞蹈鞋
2002384	户外娱乐与运动 >> 瑜伽舞蹈 >> 舞蹈把杆
2002385	户外娱乐与运动 >> 瑜伽舞蹈 >> 体操垫
2002386	户外娱乐与运动 >> 瑜伽舞蹈 >> 体操跳板
2002387	户外娱乐与运动 >> 瑜伽舞蹈 >> 瑜伽垫
2002388	户外娱乐与运动 >> 瑜伽舞蹈 >> 瑜伽柱
2002389	户外娱乐与运动 >> 瑜伽舞蹈 >> 瑜伽球
2002390	户外娱乐与运动 >> 瑜伽舞蹈 >> 瑜伽铺巾
2002391	户外娱乐与运动 >> 瑜伽舞蹈 >> 瑜伽鞋
2002392	户外娱乐与运动 >> 瑜伽舞蹈 >> 瑜伽拉力带
2002393	户外娱乐与运动 >> 瑜伽舞蹈 >> 瑜伽砖
2002394	户外娱乐与运动 >> 瑜伽舞蹈 >> 瑜伽绳
2002395	户外娱乐与运动 >> 瑜伽舞蹈 >> 瑜伽圈
2002396	户外娱乐与运动 >> 瑜伽舞蹈 >> 瑜伽半圆球
2002397	户外娱乐与运动 >> 瑜伽舞蹈 >> 瑜伽吊床
2002398	户外娱乐与运动 >> 瑜伽舞蹈 >> 普拉提器械
2002399	户外娱乐与运动 >> 瑜伽舞蹈 >> 瑜伽包
2002400	户外娱乐与运动 >> 瑜伽舞蹈 >> 其他瑜伽用品
2002401	户外娱乐与运动 >> 瑜伽舞蹈 >> 其他舞蹈配件
2002344	户外娱乐与运动 >> 运动护具 >> 运动护膝
2002345	户外娱乐与运动 >> 运动护具 >> 运动护腰
2002346	户外娱乐与运动 >> 运动护具 >> 运动护肘
2002347	户外娱乐与运动 >> 运动护具 >> 运动护踝
2002348	户外娱乐与运动 >> 运动护具 >> 护腕
2002349	户外娱乐与运动 >> 运动护具 >> 运动护臀
2002350	户外娱乐与运动 >> 运动护具 >> 运动护腿
2002351	户外娱乐与运动 >> 运动护具 >> 运动护肩
2002352	户外娱乐与运动 >> 运动护具 >> 护齿
2002353	户外娱乐与运动 >> 运动护具 >> 护指
2002354	户外娱乐与运动 >> 运动护具 >> 健身手套
2002355	户外娱乐与运动 >> 运动护具 >> 髌骨带
2002356	户外娱乐与运动 >> 运动护具 >> 助力带
2002357	户外娱乐与运动 >> 运动护具 >> 紧身服/压缩衣
2002358	户外娱乐与运动 >> 运动护具 >> 运动肌肉贴
2002359	户外娱乐与运动 >> 运动护具 >> 护臂
2002360	户外娱乐与运动 >> 运动护具 >> 运动发带
2002361	户外娱乐与运动 >> 运动护具 >> 其他运动护具
2002335	户外娱乐与运动 >> 武术搏击 >> 拳击
2002336	户外娱乐与运动 >> 武术搏击 >> 跆拳道
2002337	户外娱乐与运动 >> 武术搏击 >> 空手道
2002338	户外娱乐与运动 >> 武术搏击 >> 柔道
2002339	户外娱乐与运动 >> 武术搏击 >> 剑道
2002340	户外娱乐与运动 >> 武术搏击 >> 摔跤
2002341	户外娱乐与运动 >> 武术搏击 >> 太极
2002342	户外娱乐与运动 >> 武术搏击 >> 其他武术搏击
2002325	户外娱乐与运动 >> 轮滑滑板 >> 单排轮滑鞋
2002326	户外娱乐与运动 >> 轮滑滑板 >> 双排轮滑鞋
2002327	户外娱乐与运动 >> 轮滑滑板 >> 弹跳鞋
2002328	户外娱乐与运动 >> 轮滑滑板 >> 轮滑包
2002329	户外娱乐与运动 >> 轮滑滑板 >> 轮滑护具
2002330	户外娱乐与运动 >> 轮滑滑板 >> 长板漂移板
2002331	户外娱乐与运动 >> 轮滑滑板 >> 双翘板
2002332	户外娱乐与运动 >> 轮滑滑板 >> 小鱼板
2002333	户外娱乐与运动 >> 轮滑滑板 >> 其它轮滑滑板
2002308	户外娱乐与运动 >> 棋牌麻将 >> 围棋
2002309	户外娱乐与运动 >> 棋牌麻将 >> 国际象棋
2002310	户外娱乐与运动 >> 棋牌麻将 >> 军棋/陆战棋
2002311	户外娱乐与运动 >> 棋牌麻将 >> 将棋
2002312	户外娱乐与运动 >> 棋牌麻将 >> 扑克
2002313	户外娱乐与运动 >> 棋牌麻将 >> 麻将
2002314	户外娱乐与运动 >> 棋牌麻将 >> 川牌
2002315	户外娱乐与运动 >> 棋牌麻将 >> 字牌
2002316	户外娱乐与运动 >> 棋牌麻将 >> UNO牌
2002317	户外娱乐与运动 >> 棋牌麻将 >> 牌九
2002318	户外娱乐与运动 >> 棋牌麻将 >> 骰子/色子
2002319	户外娱乐与运动 >> 棋牌麻将 >> 筹码
2002320	户外娱乐与运动 >> 棋牌麻将 >> 筹码架/盒
2002321	户外娱乐与运动 >> 棋牌麻将 >> 狼人杀
2002322	户外娱乐与运动 >> 棋牌麻将 >> 摇号机
2002323	户外娱乐与运动 >> 棋牌麻将 >> 中国象棋
2000125	户外娱乐与运动 >> 运动与健康 >> 蹦床
2000295	户外娱乐与运动 >> 运动与健康 >> 单杠
2000318	户外娱乐与运动 >> 运动与健康 >> 抵抗带
2000428	户外娱乐与运动 >> 运动与健康 >> 俯卧撑架
2000437	户外娱乐与运动 >> 运动与健康 >> 杠铃
2000540	户外娱乐与运动 >> 运动与健康 >> 计步器
2000558	户外娱乐与运动 >> 运动与健康 >> 健身球
2000559	户外娱乐与运动 >> 运动与健康 >> 健身手套
2000598	户外娱乐与运动 >> 运动与健康 >> 举重床
2000599	户外娱乐与运动 >> 运动与健康 >> 举重手套
2000659	户外娱乐与运动 >> 运动与健康 >> 力量训练长椅
2000796	户外娱乐与运动 >> 运动与健康 >> 跑步机
2000896	户外娱乐与运动 >> 运动与健康 >> 强力手腕带
2000914	户外娱乐与运动 >> 运动与健康 >> 拳击冲球和速度球
2000915	户外娱乐与运动 >> 运动与健康 >> 拳击护头套
2000916	户外娱乐与运动 >> 运动与健康 >> 拳击沙袋
2000977	户外娱乐与运动 >> 运动与健康 >> 室内健身自行车
2001022	户外娱乐与运动 >> 运动与健康 >> 双杠
2001050	户外娱乐与运动 >> 运动与健康 >> 踏步器
2001069	户外娱乐与运动 >> 运动与健康 >> 跳绳
2001140	户外娱乐与运动 >> 运动与健康 >> 握力器
2001204	户外娱乐与运动 >> 运动与健康 >> 哑铃
2001311	户外娱乐与运动 >> 运动与健康 >> 瑜伽带
2001312	户外娱乐与运动 >> 运动与健康 >> 瑜伽发带
2001313	户外娱乐与运动 >> 运动与健康 >> 瑜伽圈
2001314	户外娱乐与运动 >> 运动与健康 >> 瑜伽毯
2001343	户外娱乐与运动 >> 运动与健康 >> 运动相机及配件
2001368	户外娱乐与运动 >> 运动与健康 >> 振动健身按摩器
2001462	户外娱乐与运动 >> 运动与健康 >> 综合健身器材
2001527	户外娱乐与运动 >> 运动与健康 >> 运动外配
2002435	户外娱乐与运动 >> 运动与健康 >> 拳击手套
2000395	户外娱乐与运动 >> 游泳 >> 儿童泳衣
2000399	户外娱乐与运动 >> 游泳 >> 耳塞，鼻夹
2000579	户外娱乐与运动 >> 游泳 >> 近视泳镜
2000775	户外娱乐与运动 >> 游泳 >> 男士泳裤
2000780	户外娱乐与运动 >> 游泳 >> 女士泳衣
2000852	户外娱乐与运动 >> 游泳 >> 其他游泳配件
2001276	户外娱乐与运动 >> 游泳 >> 泳帽
2001298	户外娱乐与运动 >> 游泳 >> 游泳包
2001299	户外娱乐与运动 >> 游泳 >> 游泳脚蹼
2001300	户外娱乐与运动 >> 游泳 >> 游泳毛巾
2001302	户外娱乐与运动 >> 游泳 >> 游泳圈
2001303	户外娱乐与运动 >> 游泳 >> 游泳手套
2001304	户外娱乐与运动 >> 游泳 >> 游泳眼镜
2000175	户外娱乐与运动 >> 狩猎 >> 测距仪
2000284	户外娱乐与运动 >> 狩猎 >> 打猎相机
2000465	户外娱乐与运动 >> 狩猎 >> 观测镜
2000737	户外娱乐与运动 >> 狩猎 >> 瞄准镜支架和配件
2001226	户外娱乐与运动 >> 狩猎 >> 夜视仪
2001355	户外娱乐与运动 >> 狩猎 >> 战术耳机及配件
2000154	户外娱乐与运动 >> 骑行 >> 变速杆
2000303	户外娱乐与运动 >> 骑行 >> 挡泥板
2000338	户外娱乐与运动 >> 骑行 >> 电动自行车
2000339	户外娱乐与运动 >> 骑行 >> 电动自行车零件
2000340	户外娱乐与运动 >> 骑行 >> 电动自行车配件
2000415	户外娱乐与运动 >> 骑行 >> 防护用具
2000483	户外娱乐与运动 >> 骑行 >> 后方冲击
2000572	户外娱乐与运动 >> 骑行 >> 脚架
2000697	户外娱乐与运动 >> 骑行 >> 轮辋
2000809	户外娱乐与运动 >> 骑行 >> 平衡车
2000859	户外娱乐与运动 >> 骑行 >> 骑行服装
2000860	户外娱乐与运动 >> 骑行 >> 骑行鞋，鞋套
2000866	户外娱乐与运动 >> 骑行 >> 气阀
2001411	户外娱乐与运动 >> 骑行 >> 中轴
2001432	户外娱乐与运动 >> 骑行 >> 自行车包
2001433	户外娱乐与运动 >> 骑行 >> 自行车变速器
2001434	户外娱乐与运动 >> 骑行 >> 自行车叉
2001435	户外娱乐与运动 >> 骑行 >> 自行车车把
2001436	户外娱乐与运动 >> 骑行 >> 自行车车架
2001437	户外娱乐与运动 >> 骑行 >> 自行车车轮
2001438	户外娱乐与运动 >> 骑行 >> 自行车打气筒
2001439	户外娱乐与运动 >> 骑行 >> 自行车灯
2001440	户外娱乐与运动 >> 骑行 >> 自行车耳机
2001441	户外娱乐与运动 >> 骑行 >> 自行车辐条
2001442	户外娱乐与运动 >> 骑行 >> 自行车杆
2001443	户外娱乐与运动 >> 骑行 >> 自行车花鼓
2001444	户外娱乐与运动 >> 骑行 >> 自行车镜
2001445	户外娱乐与运动 >> 骑行 >> 自行车里程表
2001446	户外娱乐与运动 >> 骑行 >> 自行车链条
2001447	户外娱乐与运动 >> 骑行 >> 自行车铃
2001448	户外娱乐与运动 >> 骑行 >> 自行车零件
2001449	户外娱乐与运动 >> 骑行 >> 自行车轮胎
2001450	户外娱乐与运动 >> 骑行 >> 自行车配件
2001451	户外娱乐与运动 >> 骑行 >> 自行车瓶架
2001452	户外娱乐与运动 >> 骑行 >> 自行车曲柄和链轮
2001453	户外娱乐与运动 >> 骑行 >> 自行车刹车
2001454	户外娱乐与运动 >> 骑行 >> 自行车水壶
2001455	户外娱乐与运动 >> 骑行 >> 自行车锁
2001456	户外娱乐与运动 >> 骑行 >> 自行车踏板
2001457	户外娱乐与运动 >> 骑行 >> 自行车贴纸
2001458	户外娱乐与运动 >> 骑行 >> 自行车头盔
2001459	户外娱乐与运动 >> 骑行 >> 自行车维修工具
2001460	户外娱乐与运动 >> 骑行 >> 自行车座垫
2001461	户外娱乐与运动 >> 骑行 >> 自行车座杆
2001467	户外娱乐与运动 >> 骑行 >> 座杆夹
2001524	户外娱乐与运动 >> 骑行 >> 滑板车
2001525	户外娱乐与运动 >> 骑行 >> 平衡车配件
2001552	户外娱乐与运动 >> 骑行 >> 自行车支架
2000313	户外娱乐与运动 >> 露营 >> 登山包
2000314	户外娱乐与运动 >> 露营 >> 登山杖
2000490	户外娱乐与运动 >> 露营 >> 户外餐具
2000493	户外娱乐与运动 >> 露营 >> 户外火炉
2000510	户外娱乐与运动 >> 露营 >> 滑雪裤
2000511	户外娱乐与运动 >> 露营 >> 滑雪手套
2000512	户外娱乐与运动 >> 露营 >> 滑雪头盔
2000513	户外娱乐与运动 >> 露营 >> 滑雪袜
2000514	户外娱乐与运动 >> 露营 >> 滑雪眼镜
2000515	户外娱乐与运动 >> 露营 >> 滑雪杖
2000623	户外娱乐与运动 >> 露营 >> 空气床垫
2000681	户外娱乐与运动 >> 露营 >> 露营车
2000682	户外娱乐与运动 >> 露营 >> 露营凳
2000683	户外娱乐与运动 >> 露营 >> 露营垫
2000684	户外娱乐与运动 >> 露营 >> 露营冷却器
2000685	户外娱乐与运动 >> 露营 >> 露营椅
2000686	户外娱乐与运动 >> 露营 >> 露营枕头
2000687	户外娱乐与运动 >> 露营 >> 露营桌
2000689	户外娱乐与运动 >> 露营 >> 旅行包
2000699	户外娱乐与运动 >> 露营 >> 罗盘
2000794	户外娱乐与运动 >> 露营 >> 攀岩配件
2000837	户外娱乐与运动 >> 露营 >> 其他配件
2000943	户外娱乐与运动 >> 露营 >> 伞绳
2001029	户外娱乐与运动 >> 露营 >> 水袋
2001035	户外娱乐与运动 >> 露营 >> 睡袋
2001036	户外娱乐与运动 >> 露营 >> 睡垫
2001090	户外娱乐与运动 >> 露营 >> 徒步帽
2001123	户外娱乐与运动 >> 露营 >> 望远镜和双筒望远镜
2001190	户外娱乐与运动 >> 露营 >> 鞋垫
2001200	户外娱乐与运动 >> 露营 >> 雪橇和雪管
2001221	户外娱乐与运动 >> 露营 >> 野餐袋
2001222	户外娱乐与运动 >> 露营 >> 野营炊具
2001223	户外娱乐与运动 >> 露营 >> 野营滤水器
2001342	户外娱乐与运动 >> 露营 >> 运动水壶
2001357	户外娱乐与运动 >> 露营 >> 帐篷
2001359	户外娱乐与运动 >> 露营 >> 帐篷配件
2001361	户外娱乐与运动 >> 露营 >> 遮阳棚
2002434	户外娱乐与运动 >> 露营 >> 露营吊床
2000183	户外娱乐与运动 >> 乐器类 >> 长笛
2000290	户外娱乐与运动 >> 乐器类 >> 大提琴
2000296	户外娱乐与运动 >> 乐器类 >> 单簧管
2000341	户外娱乐与运动 >> 乐器类 >> 电吉他
2000356	户外娱乐与运动 >> 乐器类 >> 电子鼓
2000357	户外娱乐与运动 >> 乐器类 >> 电子琴
2000380	户外娱乐与运动 >> 乐器类 >> 叮当铃
2000384	户外娱乐与运动 >> 乐器类 >> 抖杆器
2000386	户外娱乐与运动 >> 乐器类 >> 短笛
2000400	户外娱乐与运动 >> 乐器类 >> 二胡及配件
2000434	户外娱乐与运动 >> 乐器类 >> 钢琴
2000456	户外娱乐与运动 >> 乐器类 >> 古筝
2000457	户外娱乐与运动 >> 乐器类 >> 鼓
2000538	户外娱乐与运动 >> 乐器类 >> 吉他
2000577	户外娱乐与运动 >> 乐器类 >> 节奏棒
2000610	户外娱乐与运动 >> 乐器类 >> 卡祖笛
2000627	户外娱乐与运动 >> 乐器类 >> 口琴
2000700	户外娱乐与运动 >> 乐器类 >> 锣
2000706	户外娱乐与运动 >> 乐器类 >> 马拉卡
2000710	户外娱乐与运动 >> 乐器类 >> 曼多林
2000758	户外娱乐与运动 >> 乐器类 >> 木琴
2000805	户外娱乐与运动 >> 乐器类 >> 琵琶
2000833	户外娱乐与运动 >> 乐器类 >> 其他零配件
2000938	户外娱乐与运动 >> 乐器类 >> 萨克管
2000940	户外娱乐与运动 >> 乐器类 >> 三角形
2000988	户外娱乐与运动 >> 乐器类 >> 手风琴
2000990	户外娱乐与运动 >> 乐器类 >> 手鼓
2001015	户外娱乐与运动 >> 乐器类 >> 竖琴
2001023	户外娱乐与运动 >> 乐器类 >> 双簧管
2001044	户外娱乐与运动 >> 乐器类 >> 四弦琴
2001059	户外娱乐与运动 >> 乐器类 >> 陶笛
2001083	户外娱乐与运动 >> 乐器类 >> 铜管乐器
2001141	户外娱乐与运动 >> 乐器类 >> 乌鸦发声器
2001163	户外娱乐与运动 >> 乐器类 >> 弦乐器
2001181	户外娱乐与运动 >> 乐器类 >> 响板
2001187	户外娱乐与运动 >> 乐器类 >> 小提琴
2001188	户外娱乐与运动 >> 乐器类 >> 小提琴配件
2001318	户外娱乐与运动 >> 乐器类 >> 雨声筒
2001409	户外娱乐与运动 >> 乐器类 >> 中提琴
2001412	户外娱乐与运动 >> 乐器类 >> 钟声
2001415	户外娱乐与运动 >> 乐器类 >> 竹笛
2001475	户外娱乐与运动 >> 乐器类 >> 卡林巴
2001547	户外娱乐与运动 >> 乐器类 >> 其他乐器
2000368	户外娱乐与运动 >> 钓鱼 >> 钓具盒
2000369	户外娱乐与运动 >> 钓鱼 >> 钓鱼袋
2000370	户外娱乐与运动 >> 钓鱼 >> 钓鱼浮标
2000371	户外娱乐与运动 >> 钓鱼 >> 钓鱼竿
2000372	户外娱乐与运动 >> 钓鱼 >> 钓鱼帽
2000373	户外娱乐与运动 >> 钓鱼 >> 钓鱼手套
2000374	户外娱乐与运动 >> 钓鱼 >> 钓鱼线
2000375	户外娱乐与运动 >> 钓鱼 >> 钓鱼线轴
2000376	户外娱乐与运动 >> 钓鱼 >> 钓鱼眼镜
2000377	户外娱乐与运动 >> 钓鱼 >> 钓鱼诱饵
2000378	户外娱乐与运动 >> 钓鱼 >> 钓鱼座椅
2000827	户外娱乐与运动 >> 钓鱼 >> 其他钓鱼工具
2001309	户外娱乐与运动 >> 钓鱼 >> 鱼钩
2001310	户外娱乐与运动 >> 钓鱼 >> 鱼类探测器
2002305	户外娱乐与运动 >> 钓鱼 >> 辅助装备
2002306	户外娱乐与运动 >> 钓鱼 >> 钓鱼灯
2002431	户外娱乐与运动 >> 钓鱼 >> 鱼竿套装
2000081	服装类 >> 女装 >> T恤之类
2000294	服装类 >> 女装 >> 带帽长袖及运动衫
2000633	服装类 >> 女装 >> 宽松衬衫
2000661	服装类 >> 女装 >> 连衫裤
2000663	服装类 >> 女装 >> 连衣裙
2000723	服装类 >> 女装 >> 毛衣
2000766	服装类 >> 女装 >> 内衣
2000799	服装类 >> 女装 >> 配件（帽子眼镜围巾之类）
2000917	服装类 >> 女装 >> 裙，裤，裹腿之类
2001040	服装类 >> 女装 >> 睡衣
2001061	服装类 >> 女装 >> 套装
2001102	服装类 >> 女装 >> 袜子
2001108	服装类 >> 女装 >> 外套
2001278	服装类 >> 女装 >> 泳装
2000080	服装类 >> 男装 >> T恤之类
2000223	服装类 >> 男装 >> 衬衣
2000293	服装类 >> 男装 >> 带帽长袖及运动衫
2000630	服装类 >> 男装 >> 裤类
2000722	服装类 >> 男装 >> 毛衣
2000767	服装类 >> 男装 >> 内衣
2000798	服装类 >> 男装 >> 配件（帽子眼镜围巾之类）
2001039	服装类 >> 男装 >> 睡衣
2001062	服装类 >> 男装 >> 套装正装
2001101	服装类 >> 男装 >> 袜子
2001107	服装类 >> 男装 >> 外套
2001277	服装类 >> 男装 >> 泳衣
2001550	电脑与办公 >> 其它电脑与办公产品
2001641	电脑与办公 >> 耗材 >> 硒鼓/墨粉
2001642	电脑与办公 >> 耗材 >> 墨盒
2001643	电脑与办公 >> 耗材 >> 色带
2001644	电脑与办公 >> 耗材 >> 纸类
2001645	电脑与办公 >> 耗材 >> 刻录光盘
2001646	电脑与办公 >> 网络产品 >> 路由器
2001647	电脑与办公 >> 网络产品 >> 网络机顶盒
2001648	电脑与办公 >> 网络产品 >> 交换机
2001649	电脑与办公 >> 网络产品 >> 网路存储
2001650	电脑与办公 >> 网络产品 >> 网卡
2001651	电脑与办公 >> 网络产品 >> 5G/4G上网
2001652	电脑与办公 >> 网络产品 >> 网线
2001653	电脑与办公 >> 网络产品 >> 网络配件
2001632	电脑与办公 >> 文具 >> 笔
2001633	电脑与办公 >> 文具 >> 便签
2001634	电脑与办公 >> 文具 >> 文件收纳
2001635	电脑与办公 >> 文具 >> 计算器
2001636	电脑与办公 >> 文具 >> 画具画材
2001637	电脑与办公 >> 文具 >> 财会用品
2001638	电脑与办公 >> 文具 >> 文房四宝
2001614	电脑与办公 >> 电脑外设 >> 鼠标
2001615	电脑与办公 >> 电脑外设 >> 键盘
2001616	电脑与办公 >> 电脑外设 >> 键鼠套装
2001617	电脑与办公 >> 电脑外设 >> U盘
2001618	电脑与办公 >> 电脑外设 >> 移动固态硬盘
2001619	电脑与办公 >> 电脑外设 >> 移动硬盘
2001620	电脑与办公 >> 电脑外设 >> 鼠标垫
2001621	电脑与办公 >> 电脑外设 >> 摄像头
2001622	电脑与办公 >> 电脑外设 >> 线缆
2001623	电脑与办公 >> 电脑外设 >> 手写板
2001624	电脑与办公 >> 电脑外设 >> 硬盘盒
2001625	电脑与办公 >> 电脑外设 >> UPS电源
2001626	电脑与办公 >> 电脑外设 >> 电脑工具
2001627	电脑与办公 >> 电脑外设 >> 电脑清洁
2001628	电脑与办公 >> 电脑外设 >> 插座
2000083	电脑与办公 >> 电脑配件 >> USB集线器
2000091	电脑与办公 >> 电脑配件 >> WiFi信号放大器
2000142	电脑与办公 >> 电脑配件 >> 笔记本主板
2000343	电脑与办公 >> 电脑配件 >> 电脑机箱和塔架
2000344	电脑与办公 >> 电脑配件 >> 电脑外配其他配件
2000352	电脑与办公 >> 电脑配件 >> 电源
2000379	电脑与办公 >> 电脑配件 >> 调制解调器
2000429	电脑与办公 >> 电脑配件 >> 附加卡
2000467	电脑与办公 >> 电脑配件 >> 光盘驱动器
2000468	电脑与办公 >> 电脑配件 >> 光盘驱动器盒
2000762	电脑与办公 >> 电脑配件 >> 内存
2000768	电脑与办公 >> 电脑配件 >> 内置存储卡读卡器
2000770	电脑与办公 >> 电脑配件 >> 内置硬盘
2000934	电脑与办公 >> 电脑配件 >> 软盘驱动器
2000944	电脑与办公 >> 电脑配件 >> 散热风扇
2000964	电脑与办公 >> 电脑配件 >> 声卡
2000974	电脑与办公 >> 电脑配件 >> 视频和电视调谐卡
2001111	电脑与办公 >> 电脑配件 >> 外置音箱
2001121	电脑与办公 >> 电脑配件 >> 网卡
2001146	电脑与办公 >> 电脑配件 >> 无线路由器
2001166	电脑与办公 >> 电脑配件 >> 显示器及配件
2001293	电脑与办公 >> 电脑配件 >> 游戏键盘
2001295	电脑与办公 >> 电脑配件 >> 游戏鼠标
2001306	电脑与办公 >> 电脑配件 >> 有线路由器
2001410	电脑与办公 >> 电脑配件 >> 中央处理器
2001417	电脑与办公 >> 电脑配件 >> 主板
2001629	电脑与办公 >> 电脑配件 >> 显示器支架
2001630	电脑与办公 >> 电脑配件 >> USB小物件
2000087	电脑与办公 >> 储存类 >> U盘
2000282	电脑与办公 >> 储存类 >> 存储卡
2000283	电脑与办公 >> 储存类 >> 存储卡适配器
2000385	电脑与办公 >> 储存类 >> 读卡器
2000458	电脑与办公 >> 储存类 >> 固态硬盘转接器
2000545	电脑与办公 >> 储存类 >> 记忆卡盒
2000769	电脑与办公 >> 储存类 >> 内置固态硬盘
2001110	电脑与办公 >> 储存类 >> 外置固态硬盘
2001112	电脑与办公 >> 储存类 >> 外置硬盘
2001124	电脑与办公 >> 储存类 >> 微型SD卡
2001270	电脑与办公 >> 储存类 >> 硬盘包和盒
2001271	电脑与办公 >> 储存类 >> 硬盘盒
2000128	电脑与办公 >> 笔记本电脑配件 >> 笔记本电池
2000129	电脑与办公 >> 笔记本电脑配件 >> 笔记本电脑包和保护套
2000135	电脑与办公 >> 笔记本电脑配件 >> 笔记本电脑散热垫
2000136	电脑与办公 >> 笔记本电脑配件 >> 笔记本电脑贴纸
2000139	电脑与办公 >> 笔记本电脑配件 >> 笔记本其他用品
2000140	电脑与办公 >> 笔记本电脑配件 >> 笔记本适配器
2001657	电脑与办公 >> 笔记本电脑配件 >> 键盘膜
2001658	电脑与办公 >> 笔记本电脑配件 >> 笔记本电脑支架
2001659	电脑与办公 >> 笔记本电脑配件 >> 屏幕防窥膜
2001660	电脑与办公 >> 笔记本电脑配件 >> 屏幕保护膜
2001661	电脑与办公 >> 笔记本电脑配件 >> 电脑锁
2000060	电脑与办公 >> 办公电子 >> 3D打印和3D扫描
2000257	电脑与办公 >> 办公电子 >> 传真机和复印机
2000285	电脑与办公 >> 办公电子 >> 打印机
2000286	电脑与办公 >> 办公电子 >> 打印机耗材
2000287	电脑与办公 >> 办公电子 >> 打印机零件和配件
2000321	电脑与办公 >> 办公电子 >> 点钞机和检测器
2000355	电脑与办公 >> 办公电子 >> 电子词典
2000525	电脑与办公 >> 办公电子 >> 绘图仪
2000536	电脑与办公 >> 办公电子 >> 激光笔
2000544	电脑与办公 >> 办公电子 >> 计算器
2000908	电脑与办公 >> 办公电子 >> 切纸机
2000945	电脑与办公 >> 办公电子 >> 扫描仪
2001045	电脑与办公 >> 办公电子 >> 塑封机
2001046	电脑与办公 >> 办公电子 >> 碎纸机
2001422	电脑与办公 >> 办公电子 >> 装订机
2001654	电脑与办公 >> 办公电子 >> 投影机
2001655	电脑与办公 >> 办公电子 >> 投影配件
2001656	电脑与办公 >> 办公电子 >> 复合机
261	珠宝首饰 >> 项链吊饰
262	珠宝首饰 >> 耳环
263	珠宝首饰 >> 指环
264	珠宝首饰 >> 手镯手环
265	珠宝首饰 >> 套装及其他珠宝首饰
266	珠宝首饰 >> 珠子及珠宝制作材料
275	珠宝首饰 >> 脚链
276	珠宝首饰 >> 发饰
324	珠宝首饰 >> 首饰盒及展示架
135	模型玩具 >> 遥控玩具
136	模型玩具 >> 经典玩具
137	模型玩具 >> 太阳能玩具
138	模型玩具 >> 飞行器
189	模型玩具 >> 其他玩具产品
213	模型玩具 >> 玩具零件及配件
